"StandardCode","Version","StandardName","StandardSectorCode","NotionalEndLevel","EffectiveFrom","LastDateStarts","EffectiveTo","URLLink","SectorSubjectAreaTier1","SectorSubjectAreaTier2","IntegratedDegreeStandard","OtherBodyApprovalRequired","Created_On","Created_By","Modified_On","Modified_By"
"1","1","Network Engineer","7","4","01 Aug 2014","","","https://www.gov.uk/government/publications/apprenticeship-standard-network-engineer","6.00","6.10","N","","09 Jul 2015","goodmand","09 Jul 2015","goodmand"
"2","1","Software Developer","7","4","01 Aug 2014","","","https://www.gov.uk/government/publications/apprenticeship-standard-software-developer","6.00","6.20","N","","09 Jul 2015","goodmand","09 Jul 2015","goodmand"
"3","1","Aerospace Manufacturing Fitter","2","3","01 Aug 2014","31 Mar 2017","31 Mar 2017","https://www.gov.uk/government/publications/apprenticeship-standard-aerospace-manufacturing-fitter","4.00","4.10","N","","09 Jul 2015","goodmand","07 Apr 2017","robinsonsar"
"4","1","Mechatronics Maintenance Technician","3","3","01 Aug 2014","31 Mar 2017","31 Mar 2017","https://www.gov.uk/government/publications/apprenticeship-standard-mechatronics-maintenance-technician","4.00","4.20","N","","09 Jul 2015","goodmand","07 Apr 2017","robinsonsar"
"5","1","Installation Electrician/Maintenance Electrician","19","3","01 Aug 2015","","","https://www.gov.uk/government/publications/apprenticeship-standard-installation-electricianmaintenance-electrician","4.00","4.10","N","","16 Sep 2015","fisherk","16 Sep 2015","fisherk"
"6","1","Power Network Craftsperson","8","3","01 Aug 2014","","","https://www.gov.uk/government/publications/apprenticeship-standard-power-network-craftsperson","4.00","4.10","N","","09 Jul 2015","goodmand","09 Jul 2015","goodmand"
"7","1","Relationship Manager (Banking)","9","6","01 Aug 2014","","","https://www.gov.uk/government/publications/apprenticeship-standard-relationship-manager-banking","15.00","15.10","N","","09 Jul 2015","goodmand","09 Jul 2015","goodmand"
"8","1","Financial Services Administrator","9","3","01 Aug 2014","","","https://www.gov.uk/government/publications/apprenticeship-standard-financial-services-administrator","15.00","15.10","N","","09 Jul 2015","goodmand","09 Jul 2015","goodmand"
"9","1","Control /Technical Support Engineer (degree)","3","6","01 Aug 2014","","","https://www.gov.uk/government/publications/apprenticeship-standard-controltechnical-support-engineer","4.00","4.20","N","","09 Jul 2015","goodmand","11 Jul 2018","KTEMPERLEY"
"10","1","Electrical /Electronic Technical Support Engineer (degree)","3","6","01 Aug 2014","","","https://www.gov.uk/government/publications/apprenticeship-standard-electricalelectronic-technical-support-engineer","4.00","4.20","N","","09 Jul 2015","goodmand","11 Jul 2018","KTEMPERLEY"
"11","1","Manufacturing Engineer (degree)","3","6","01 Aug 2014","","","https://www.gov.uk/government/publications/apprenticeship-standard-manufacturing-engineer","4.00","4.20","N","","09 Jul 2015","goodmand","11 Jul 2018","KTEMPERLEY"
"12","1","Product Design and Development Engineer (degree)","3","6","01 Aug 2014","","","https://www.gov.uk/government/publications/apprenticeship-standard-product-design-and-development-engineer","4.00","4.20","N","","09 Jul 2015","goodmand","11 Jul 2018","KTEMPERLEY"
"13","1","Product Design and Development Technician","3","3","01 Aug 2014","31 Mar 2017","31 Mar 2017","https://www.gov.uk/government/publications/apprenticeship-standard-product-design-and-development-technician","4.00","4.20","N","","09 Jul 2015","goodmand","07 Apr 2017","robinsonsar"
"14","1","Laboratory Technician","4","3","01 Aug 2014","","","https://www.gov.uk/government/publications/apprenticeship-standard-laboratory-technician","4.00","4.20","N","","09 Jul 2015","goodmand","06 Aug 2015","vijaydek"
"15","1","Science Manufacturing Technician","4","3","01 Aug 2014","","","https://www.gov.uk/government/publications/apprenticeship-standard-science-manufacturing-technician","4.00","4.20","N","","09 Jul 2015","goodmand","06 Aug 2015","vijaydek"
"16","1","Food and Drink Maintenance Engineer","5","3","01 Aug 2014","","","https://www.gov.uk/government/publications/apprenticeship-standard-food-and-drink-maintenance-engineer","4.00","4.10","N","","09 Jul 2015","goodmand","06 Aug 2015","vijaydek"
"17","1","Actuarial Technician","1","4","26 Mar 2015","","","https://www.gov.uk/government/publications/apprenticeship-standard-actuarial-technician","15.00","15.10","N","","09 Jul 2015","goodmand","09 Jul 2015","goodmand"
"18","1","Dental Technician","6","5","26 Mar 2015","","","https://www.gov.uk/government/publications/apprenticeship-standard-dental-technician","1.00","1.10","N","Y","09 Jul 2015","goodmand","17 Jul 2018","KFISHER"
"19","1","Dental Laboratory Assistant","6","3","26 Mar 2015","","","https://www.gov.uk/government/publications/apprenticeship-standard-dental-laboratory-assistant","1.00","1.10","N","","09 Jul 2015","goodmand","09 Jul 2015","goodmand"
"20","1","Dental Practice Manager","6","4","26 Mar 2015","","","https://www.gov.uk/government/publications/apprenticeship-standard-dental-practice-manager","1.00","1.10","N","","09 Jul 2015","goodmand","09 Jul 2015","goodmand"
"21","1","Golf Greenkeeper","10","2","26 Mar 2015","","","https://www.gov.uk/government/publications/apprenticeship-standard-golf-greenkeeper","3.00","3.10","N","","09 Jul 2015","goodmand","09 Jul 2015","goodmand"
"22","1","Junior Journalist","11","3","26 Mar 2015","","","https://www.gov.uk/government/publications/apprenticeship-standard-junior-journalist","9.00","9.30","N","","09 Jul 2015","goodmand","09 Jul 2015","goodmand"
"23","1","Property Maintenance Operative","12","2","26 Mar 2015","","","https://www.gov.uk/government/publications/apprenticeship-standard-property-maintenance-operative","5.00","5.20","N","","09 Jul 2015","goodmand","09 Jul 2015","goodmand"
"24","1","Railway Engineering Design Technician","13","3","26 Mar 2015","","","https://www.gov.uk/government/publications/apprenticeship-standard-railway-engineering-design-technician","4.00","4.10","N","","09 Jul 2015","goodmand","09 Jul 2015","goodmand"
"25","1","Digital and Technology Solutions Professional (degree)","7","6","26 Mar 2015","","","https://www.gov.uk/government/publications/apprenticeship-standard-digital-technology-solutions-professional","6.00","6.10","Y","N","09 Jul 2015","goodmand","11 Jul 2018","KTEMPERLEY"
"26","1","Dual Fuel Smart Meter Installer","8","2","01 Aug 2015","","","https://www.gov.uk/government/publications/apprenticeship-standard-dual-fuel-smart-meter-installer","4.00","4.10","N","","03 Sep 2015","fisherk","16 Sep 2015","fisherk"
"27","1","Water Process Technician","8","3","01 Aug 2015","","","https://www.gov.uk/government/publications/apprenticeship-standard-water-process-technician","4.00","4.10","N","","03 Sep 2015","fisherk","16 Sep 2015","fisherk"
"28","1","Financial Services Customer Adviser","9","2","01 Aug 2015","","","https://www.gov.uk/government/publications/apprenticeship-standard-financial-services-customer-adviser","15.00","15.10","N","","03 Sep 2015","fisherk","16 Sep 2015","fisherk"
"29","1","Investment Operations Administrator","9","2","01 Aug 2015","","","https://www.gov.uk/government/publications/apprenticeship-standard-investment-operations-administrator","15.00","15.10","N","","03 Sep 2015","fisherk","16 Sep 2015","fisherk"
"30","1","Investment Operations Specialist","9","4","01 Aug 2015","","","https://www.gov.uk/government/publications/apprenticeship-standard-investment-operations-specialist","15.00","15.10","N","","03 Sep 2015","fisherk","16 Sep 2015","fisherk"
"31","1","Senior Financial Services Customer Adviser","9","3","01 Aug 2015","","","https://www.gov.uk/government/publications/apprenticeship-standard-senior-financial-services-customer-adviser","15.00","15.10","N","","03 Sep 2015","fisherk","16 Sep 2015","fisherk"
"32","1","Workplace Pensions (Administrator or Consultant)","9","3","01 Aug 2015","","","https://www.gov.uk/government/publications/apprenticeship-standard-workplace-pensions-consultant-or-administrator","15.00","15.10","N","","03 Sep 2015","fisherk","16 Sep 2015","fisherk"
"33","1","Investment Operations Technician","9","3","01 Aug 2015","","","https://www.gov.uk/government/publications/apprenticeship-standard-investment-operations-technician","15.00","15.10","N","","03 Sep 2015","fisherk","16 Sep 2015","fisherk"
"34","1","Able Seafarer (Deck)","14","2","01 Aug 2015","","","https://www.gov.uk/government/publications/apprenticeship-standard-able-seafarer-deck","4.00","4.30","N","","03 Sep 2015","fisherk","16 Sep 2015","fisherk"
"35","1","Nuclear Welding Inspection Technician","15","4","01 Aug 2015","","","https://www.gov.uk/government/publications/apprenticeship-standard-nuclear-welding-inspection-technician","4.00","4.10","N","","03 Sep 2015","fisherk","16 Sep 2015","fisherk"
"36","1","Public Service Operational Delivery Officer","16","3","01 Aug 2015","","","https://www.gov.uk/government/publications/apprenticeship-standard-operational-delivery-officer","1.00","1.40","N","","03 Sep 2015","fisherk","16 Sep 2015","fisherk"
"37","1","Aerospace Engineer (degree)","2","6","01 Aug 2015","","","https://www.gov.uk/government/publications/apprenticeship-standard-aerospace-engineer","4.00","4.10","N","","03 Sep 2015","fisherk","11 Jul 2018","KTEMPERLEY"
"38","1","Aerospace Software Development Engineer (degree)","2","6","01 Aug 2015","","","https://www.gov.uk/government/publications/apprenticeship-standard-aerospace-software-development-engineer","4.00","4.10","N","","03 Sep 2015","fisherk","11 Jul 2018","KTEMPERLEY"
"39","1","Conveyancing Technician","17","4","01 Aug 2015","","","https://www.gov.uk/government/publications/apprenticeship-standard-conveyancing-technician","15.00","15.50","N","","03 Sep 2015","fisherk","16 Sep 2015","fisherk"
"40","1","Licensed Conveyancer","17","6","01 Aug 2015","","","https://www.gov.uk/government/publications/apprenticeship-standard-licensed-conveyancer","15.00","15.50","N","","03 Sep 2015","fisherk","16 Sep 2015","fisherk"
"41","1","Chartered Legal Executive","18","6","01 Aug 2015","","","https://www.gov.uk/government/publications/apprenticeship-standard-chartered-legal-executive","15.00","15.50","N","","03 Sep 2015","fisherk","16 Sep 2015","fisherk"
"42","1","Paralegal","18","3","01 Aug 2015","","","https://www.gov.uk/government/publications/apprenticeship-standard-paralegal","15.00","15.50","N","","03 Sep 2015","fisherk","16 Sep 2015","fisherk"
"43","1","Solicitor","18","7","01 Aug 2015","","","https://www.gov.uk/government/publications/apprenticeship-standard-solicitor","15.00","15.50","N","","03 Sep 2015","fisherk","16 Sep 2015","fisherk"
"44","1","Laboratory Scientist","4","5","01 Aug 2015","17 Nov 2018","","https://www.gov.uk/government/publications/apprenticeship-standard-laboratory-scientist","4.00","4.20","N","","03 Sep 2015","fisherk","06 Feb 2019","KFISHER"
"45","1","Science Industry Maintenance Technician","4","3","01 Aug 2015","","","https://www.gov.uk/government/publications/apprenticeship-standard-science-industry-maintenance-technician","5.00","5.20","N","","03 Sep 2015","fisherk","16 Sep 2015","fisherk"
"46","1","Nuclear Health Physics Monitor","15","2","01 Aug 2015","","","https://www.gov.uk/government/publications/apprenticeship-standard-nuclear-health-physics-monitor-standard","1.00","1.20","N","","03 Sep 2015","fisherk","16 Sep 2015","fisherk"
"47","1","Nuclear Scientist and Nuclear Engineer (degree)","15","6","01 Aug 2015","","","https://www.gov.uk/government/publications/apprenticeship-standard-nuclear-scientist-and-nuclear-engineer","4.00","4.10","Y","N","03 Sep 2015","fisherk","11 Jul 2018","KTEMPERLEY"
"48","1","Paraplanner","9","4","01 Aug 2015","","","https://www.gov.uk/government/publications/apprenticeship-standard-paraplanner","15.00","15.10","N","","16 Sep 2015","fisherk","16 Sep 2015","fisherk"
"49","1","Refrigeration Air Conditioning and Heat Pump Engineering Technician","20","3","01 Aug 2015","","","https://www.gov.uk/government/publications/apprenticeship-standard-refrigeration-air-conditioning-heat-pump-engineering-technician","4.00","4.10","N","","16 Sep 2015","fisherk","16 Sep 2015","fisherk"
"50","1","Chartered Surveyor (degree)","21","6","01 Aug 2015","","","https://www.gov.uk/government/publications/apprenticeship-standard-chartered-surveyor","5.00","5.20","N","","16 Sep 2015","fisherk","11 Jul 2018","KTEMPERLEY"
"51","1","Surveying Technician","21","3","01 Aug 2015","","","https://www.gov.uk/government/publications/apprenticeship-standard-surveying-technician","5.00","5.20","N","","16 Sep 2015","fisherk","16 Sep 2015","fisherk"
"52","1","Systems Engineering Masters Level","22","7","01 Aug 2015","","","https://www.gov.uk/government/publications/apprenticeship-standard-systems-engineering","4.00","4.10","N","","16 Sep 2015","fisherk","16 Sep 2015","fisherk"
"53","1","Utilities Engineering Technician","8","3","01 Aug 2015","","","https://www.gov.uk/government/publications/apprenticeship-standard-utilities-engineering-technician","4.00","4.10","N","","06 Oct 2015","fisherk","06 Oct 2015","fisherk"
"54","1","Butcher","23","2","01 Aug 2015","","","https://www.gov.uk/government/publications/apprenticeship-standard-butchery","7.00","7.40","N","","06 Oct 2015","fisherk","06 Oct 2015","fisherk"
"55","1","Chartered Manager","24","6","01 Aug 2015","","","https://www.gov.uk/government/publications/apprenticeship-standard-chartered-manager-degree-apprenticeship","15.00","15.30","N","","07 Oct 2015","fisherk","24 Jan 2019","KTEMPERLEY"
"56","1","Aerospace Manufacturing Electrical, Mechanical and Systems Fitter","2","3","01 Aug 2015","31 Mar 2017","31 Mar 2017","https://www.gov.uk/government/publications/apprenticeship-standard-aerospace-manufacturing-electrical-mechanical-and-systems-fitter","4.00","4.10","N","","22 Oct 2015","fisherk","07 Apr 2017","robinsonsar"
"57","1","Gas Network Craftsperson","8","3","01 Aug 2015","","","https://www.gov.uk/government/publications/apprenticeship-standard-gas-network-craftsperson","4.00","4.10","N","","22 Oct 2015","fisherk","22 Oct 2015","fisherk"
"58","1","Gas Network Team Leader","8","2","01 Aug 2015","","","https://www.gov.uk/government/publications/apprenticeship-standard-gas-network-team-leader","4.00","4.10","N","","22 Oct 2015","fisherk","22 Oct 2015","fisherk"
"59","1","Motor Vehicle Service and Maintenance Technician (light vehicle)","35","3","01 Aug 2015","","","https://www.gov.uk/government/publications/apprenticeship-standard-motor-vehicle-service-and-maintenance-technician-light-vehicle","4.00","4.30","N","","22 Oct 2015","fisherk","05 Feb 2019","KFISHER"
"60","1","Insurance Practitioner","27","3","01 Aug 2015","","","https://www.gov.uk/government/publications/apprenticeship-standard-insurance-practitioner","15.00","15.10","N","","04 Nov 2015","fisherk","04 Nov 2015","fisherk"
"61","1","Dental Nurse","6","3","01 Aug 2015","","","https://www.gov.uk/government/publications/apprenticeship-standard-dental-nurse","1.00","1.30","N","Y","13 Nov 2015","fisherk","07 Feb 2019","KTEMPERLEY"
"62","1","Mortgage Adviser","9","3","01 Aug 2015","","","https://www.gov.uk/government/publications/apprenticeship-standard-mortgage-adviser","15.00","15.10","N","","20 Nov 2015","fisherk","15 Jul 2016","guinivas"
"63","1","Insurance Professional","9","4","01 Aug 2015","","","https://www.gov.uk/government/publications/apprenticeship-standard-insurance-professional","15.00","15.10","N","","20 Nov 2015","fisherk","20 Nov 2015","fisherk"
"64","1","Housing/Property Management Assistant","36","2","01 Aug 2015","","","https://www.gov.uk/government/publications/apprenticeship-standard-housingproperty-management-assistant","1.00","1.40","N","","04 Dec 2015","fisherk","15 Jul 2016","guinivas"
"65","1","Housing/Property Management","36","3","01 Aug 2015","","","https://www.gov.uk/government/publications/apprenticeship-standard-housing-management","1.00","1.40","N","","04 Dec 2015","fisherk","15 Jul 2016","guinivas"
"66","1","Senior Housing/Property Management","36","4","01 Aug 2015","","","https://www.gov.uk/government/publications/apprenticeship-standard-senior-housingproperty-management","1.00","1.40","N","","04 Dec 2015","fisherk","15 Jul 2016","guinivas"
"67","1","Non-destructive Testing Engineering Technician","37","3","01 Aug 2015","","","https://www.gov.uk/government/publications/apprenticeship-standard-non-destructive-testing-engineering-technician","4.00","4.10","N","","04 Dec 2015","fisherk","04 Dec 2015","fisherk"
"68","1","Junior Energy Manager","38","3","01 Aug 2015","","","https://www.gov.uk/government/publications/apprenticeship-standard-junior-energy-manager","7.00","7.30","N","","04 Dec 2015","fisherk","04 Dec 2015","fisherk"
"69","1","Land-Based Service Engineer","39","2","01 Aug 2015","","","https://www.gov.uk/government/publications/apprenticeship-standard-land-based-service-engineer","3.00","3.10","N","","24 Dec 2015","fisherk","15 Jul 2016","guinivas"
"70","1","Land-Based Service Engineering Technician","39","3","01 Aug 2015","","","https://www.gov.uk/government/publications/apprenticeship-standard-land-based-service-engineering-technician","3.00","3.10","N","","24 Dec 2015","fisherk","15 Jul 2016","guinivas"
"71","1","Live Event Rigger","40","3","01 Aug 2015","","","https://www.gov.uk/government/publications/apprenticeship-standard-live-event-rigger","9.00","9.10","N","","24 Dec 2015","fisherk","24 Dec 2015","fisherk"
"72","1","Bespoke Tailor and Cutter","41","5","01 Aug 2015","","","https://www.gov.uk/government/publications/apprenticeship-standard-bespoke-tailor-and-cutter","7.00","7.10","N","","05 Feb 2016","fisherk","05 Feb 2016","fisherk"
"73","1","Public Sector Commercial Professional","29","4","01 Aug 2015","22 Dec 2017","22 Dec 2017","https://www.gov.uk/government/publications/apprenticeship-standard-public-sector-commercial-professional","1.00","1.40","N","","05 Feb 2016","fisherk","10 Apr 2018","KFISHER"
"74","1","Gas Engineering","8","3","01 Aug 2015","","","https://www.gov.uk/government/publications/apprenticeship-standard-gas-engineering","4.00","4.10","N","","05 Feb 2016","fisherk","05 Feb 2016","fisherk"
"75","1","Outside Broadcasting Engineer (degree)","32","7","01 Aug 2015","","","https://www.gov.uk/government/publications/apprenticeship-standard-outside-broadcasting-engineer","9.00","9.30","Y","","17 Feb 2016","fisherk","02 Nov 2018","FISHERK"
"76","1","Boatbuilder","42","3","01 Aug 2015","","","https://www.gov.uk/government/publications/apprenticeship-standard-boatbuilder","4.00","4.20","N","","25 Feb 2016","fisherk","25 Feb 2016","fisherk"
"77","1","Credit Controller/Collector","9","2","01 Aug 2015","","","https://www.gov.uk/government/publications/apprenticeship-standard-credit-controller-collector","15.00","15.10","N","","11 Mar 2016","fisherk","11 Mar 2016","fisherk"
"78","1","Digital Marketer","7","3","01 Aug 2015","","","https://www.gov.uk/government/publications/apprenticeship-standard-digital-marketer","6.00","6.10","N","","01 Apr 2016","fisherk","01 Apr 2016","fisherk"
"79","1","Cyber Intrusion Analyst","7","4","01 Aug 2015","","","https://www.gov.uk/government/publications/apprenticeship-standard-cyber-intrusion-analyst","6.00","6.10","N","","01 Apr 2016","fisherk","01 Apr 2016","fisherk"
"80","1","Data Analyst","7","4","01 Aug 2015","","","https://www.gov.uk/government/publications/apprenticeship-standard-data-analyst","6.00","6.10","N","","01 Apr 2016","fisherk","01 Apr 2016","fisherk"
"81","1","Unified Communications Trouble Shooter","7","4","01 Aug 2015","","","https://www.gov.uk/government/publications/apprenticeship-standard-unified-communications-troubleshooter","6.00","6.10","N","","01 Apr 2016","fisherk","01 Apr 2016","fisherk"
"82","1","Infrastructure Technician","7","3","01 Aug 2015","","","https://www.gov.uk/government/publications/apprenticeship-standard-infrastructure-technician","6.00","6.10","N","","01 Apr 2016","fisherk","01 Apr 2016","fisherk"
"83","1","Junior Management Consultant","43","4","01 Aug 2015","","","https://www.gov.uk/government/publications/apprenticeship-standard-junior-management-consultant","15.00","15.10","N","","07 Apr 2016","fisherk","07 Apr 2016","fisherk"
"84","1","Junior 2D Artist (visual effects)","33","4","01 Aug 2015","","","https://www.gov.uk/government/publications/apprenticeship-standard-junior-2d-artist-visual-effects","9.00","9.20","N","","07 Apr 2016","fisherk","07 Apr 2016","fisherk"
"85","1","Assistant Technical Director (visual effects)","33","4","01 Aug 2015","","","https://www.gov.uk/government/publications/apprenticeship-standard-assistant-technical-director-visual-effects","9.00","9.20","N","","07 Apr 2016","fisherk","07 Apr 2016","fisherk"
"86","1","Aviation Ground Specialist","26","3","01 Aug 2015","","","https://www.gov.uk/government/publications/apprenticeship-standard-aviation-ground-specialist","4.00","4.30","N","","27 Apr 2016","fisherk","27 Apr 2016","fisherk"
"87","1","Aviation Ground Operative","26","2","01 Aug 2015","","","https://www.gov.uk/government/publications/apprenticeship-standard-aviation-ground-operative","4.00","4.30","N","","27 Apr 2016","fisherk","27 Apr 2016","fisherk"
"88","1","Rail Engineering Advanced Technician","30","4","01 Aug 2015","","","https://www.gov.uk/government/publications/apprenticeship-standard-rail-engineering-advanced-technician","4.00","4.30","N","","27 Apr 2016","fisherk","27 Apr 2016","fisherk"
"89","1","Rail Engineering Technician","30","3","01 Aug 2015","","","https://www.gov.uk/government/publications/apprenticeship-standard-rail-engineering-technician","4.00","4.30","N","","27 Apr 2016","fisherk","27 Apr 2016","fisherk"
"90","1","Rail Engineering Operative","30","2","01 Aug 2015","","","https://www.gov.uk/government/publications/apprenticeship-standard-rail-engineering-operative","4.00","4.30","N","","27 Apr 2016","fisherk","27 Apr 2016","fisherk"
"91","1","Software Tester","7","4","01 Aug 2015","","","https://www.gov.uk/government/publications/apprenticeship-standard-software-tester","6.00","6.10","N","","27 Apr 2016","fisherk","27 Apr 2016","fisherk"
"92","1","Engineering Design and Draughtsperson","45","3","01 Aug 2015","","","https://www.gov.uk/government/publications/apprenticeship-standard-engineering-design-draughtsperson","4.00","4.10","N","","04 May 2016","fisherk","16 May 2016","fisherk"
"93","1","Commis Chef","44","2","01 Aug 2015","","","https://www.gov.uk/government/publications/apprenticeship-standard-commis-chef","7.00","7.40","N","","04 May 2016","fisherk","04 May 2016","fisherk"
"94","1","General Welder (Arc Processes)","34","2","01 Aug 2015","","","https://www.instituteforapprenticeships.org/apprenticeship-standards/general-welder-arc-processes/","4.00","4.20","N","N","04 May 2016","fisherk","21 Jan 2019","KTEMPERLEY"
"95","1","Multi-Positional Welder (Arc Processes)","34","3","01 Aug 2015","","","https://www.instituteforapprenticeships.org/apprenticeship-standards/multi-positional-welder-arc-processes/","4.00","4.20","N","N","04 May 2016","fisherk","21 Jan 2019","KTEMPERLEY"
"96","1","Hospitality Team Member","44","2","01 Aug 2015","","","https://www.gov.uk/government/publications/apprenticeship-standard-hospitality-team-member","7.00","7.40","N","","04 May 2016","fisherk","04 May 2016","fisherk"
"97","1","Machinist (Advanced Manufacturing Engineering)","47","3","01 Aug 2015","31 Mar 2017","31 Mar 2017","https://www.gov.uk/government/publications/apprenticeship-standard-machinist-advanced-manufacturing-engineering","4.00","4.10","N","","16 May 2016","fisherk","07 Apr 2017","robinsonsar"
"98","1","Cyber Security Technologist","7","4","01 Aug 2015","","","https://www.gov.uk/government/publications/apprenticeship-standard-cyber-security-technologist-approved-for-delivery","6.00","6.10","N","","16 May 2016","fisherk","16 May 2016","fisherk"
"99","1","Healthcare Science Assistant","46","2","01 Aug 2015","","","https://www.gov.uk/government/publications/apprenticeship-standard-healthcare-science-assistant","1.00","1.30","N","","16 May 2016","fisherk","16 May 2016","fisherk"
"100","1","Transport Planning Technician","48","3","01 Aug 2015","","","https://www.gov.uk/government/publications/apprenticeship-standard-transport-planning-technician","5.00","5.20","N","","16 May 2016","fisherk","16 May 2016","fisherk"
"101","1","Retailer","31","2","01 Aug 2015","","","https://www.gov.uk/government/publications/apprenticeship-standard-retailer","7.00","7.10","N","","20 May 2016","robinsonsar","20 May 2016","robinsonsar"
"102","1","Healthcare Assistant Practitioner","46","5","01 Aug 2015","","","https://www.gov.uk/government/publications/apprenticeship-standard-healthcare-assistant-practitioner","1.00","1.30","N","","20 May 2016","robinsonsar","15 Jul 2016","guinivas"
"103","1","Healthcare Support Worker","46","2","01 Aug 2015","","","https://www.gov.uk/government/publications/apprenticeship-standard-healthcare-support-worker","1.00","1.30","N","","20 May 2016","robinsonsar","15 Jul 2016","guinivas"
"104","1","Operations/Departmental Manager","24","5","01 Aug 2015","","","https://www.gov.uk/government/publications/apprenticeship-standard-operationsdepartmental-manager-approved-for-delivery","15.00","15.30","N","","02 Jun 2016","fisherk","02 Jun 2016","fisherk"
"105","1","Team Leader/Supervisor","24","3","01 Aug 2015","","","https://www.gov.uk/government/publications/apprenticeship-standard-team-leadersupervisor-approved-for-delivery","15.00","15.30","N","","02 Jun 2016","fisherk","15 Jul 2016","guinivas"
"106","1","Papermaker","28","3","01 Aug 2015","","","https://www.gov.uk/government/publications/apprenticeship-standard-papermaker","4.00","4.20","N","","02 Jun 2016","fisherk","15 Jul 2016","guinivas"
"107","1","Embedded Electronic Systems Design and Development Engineer (degree)","19","6","01 Aug 2015","","","https://www.gov.uk/government/publications/apprenticeship-standard-embedded-electronic-systems-design-and-development-engineer","4.00","4.20","N","","10 Jun 2016","robinsonsar","11 Jul 2018","KTEMPERLEY"
"108","1","HM Forces Serviceperson (Public Services)","49","2","01 Aug 2015","","","https://www.gov.uk/government/publications/apprenticeship-standard-hm-forces-public-services-operational-delivery-uniformed","1.00","1.40","N","","10 Jun 2016","robinsonsar","10 Jun 2016","robinsonsar"
"109","1","Supply Chain Operator","51","2","01 Aug 2015","","","https://www.gov.uk/government/publications/apprenticeship-standard-supply-chain-operator","4.00","4.30","N","","12 Jul 2016","fisherk","12 Jul 2016","fisherk"
"110","1","Large Goods Vehicle (LGV) Driver","51","2","01 Aug 2015","","","https://www.gov.uk/government/publications/apprenticeship-standard-large-goods-vehicle-lgv-driver","4.00","4.30","N","","12 Jul 2016","fisherk","12 Jul 2016","fisherk"
"111","1","Supply Chain Warehouse Operative","51","2","01 Aug 2015","","","https://www.gov.uk/government/publications/apprenticeship-standard-supply-chain-warehouse-operative","7.00","7.20","N","","12 Jul 2016","fisherk","12 Jul 2016","fisherk"
"112","1","Broadcast Production Assistant","32","3","01 Aug 2015","","","https://www.gov.uk/government/publications/apprenticeship-standard-broadcast-production-assistant","9.00","9.30","N","","12 Jul 2016","fisherk","12 Jul 2016","fisherk"
"113","1","Aircraft Maintenance Fitter / Technician (fixed and rotary wing)","50","3","01 Aug 2015","31 Mar 2017","31 Mar 2017","https://www.gov.uk/government/publications/apprenticeship-standard-aircraft-maintenance-fittertechnician-fixed-and-rotary-wing","4.00","4.10","N","","30 Jun 2016","robinsonsar","07 Apr 2017","robinsonsar"
"114","1","Aircraft Maintenance Certifying Engineer","50","4","01 Aug 2015","","","https://www.gov.uk/government/publications/apprenticeship-standard-aircraft-maintenance-certifying-engineer","4.00","4.10","N","","30 Jun 2016","robinsonsar","30 Jun 2016","robinsonsar"
"115","1","Airworthiness Planning, Quality and Safety Technician","50","3","01 Aug 2015","31 Mar 2017","31 Mar 2017","https://www.gov.uk/government/publications/apprenticeship-standard-airworthiness-planning-quality-and-safety-technician","4.00","4.10","N","","30 Jun 2016","robinsonsar","07 Apr 2017","robinsonsar"
"116","1","Survival Equipment Fitter","2","3","01 Aug 2015","","","https://www.gov.uk/government/publications/apprenticeship-standard-survival-equipment-fitter","4.00","4.10","N","","07 Jul 2016","guinivas","07 Jul 2016","guinivas"
"117","1","Professional Accounting / Taxation Technician","52","4","01 Aug 2015","","","https://www.gov.uk/government/publications/apprenticeship-standard-professional-accounting-technician","15.00","15.10","N","","22 Jul 2016","robinsonsar","24 Sep 2018","KFISHER"
"118","1","Lead Adult Care Worker","25","3","01 Aug 2015","","","https://www.gov.uk/government/publications/apprenticeship-standard-lead-adult-care-worker","1.00","1.30","N","","22 Jul 2016","robinsonsar","22 Jul 2016","robinsonsar"
"119","1","Adult Care Worker","25","2","01 Aug 2015","","","https://www.gov.uk/government/publications/apprenticeship-standard-adult-care-worker","1.00","1.30","N","","22 Jul 2016","robinsonsar","22 Jul 2016","robinsonsar"
"120","1","Travel Consultant","53","3","01 Aug 2015","","","https://www.gov.uk/government/publications/apprenticeship-standard-travel-consultant","8.00","8.20","N","","22 Jul 2016","robinsonsar","22 Jul 2016","robinsonsar"
"121","1","Airside Operator","26","2","01 Aug 2015","","","https://www.gov.uk/government/publications/apprenticeship-standard-airside-operator","4.00","4.30","N","","01 Aug 2016","robinsonsar","01 Aug 2016","robinsonsar"
"122","1","Customer Service Practitioner","54","2","01 Aug 2015","","","https://www.gov.uk/government/publications/apprenticeship-standard-customer-service-practitioner","15.00","15.20","N","","01 Aug 2016","robinsonsar","01 Aug 2016","robinsonsar"
"123","1","Aviation Operations Manager","26","4","01 Aug 2016","","","https://www.gov.uk/government/publications/apprenticeship-standard-aviation-operations-manager","4.00","4.30","N","","15 Aug 2016","robinsonsar","15 Aug 2016","robinsonsar"
"124","1","Highways Electrician / Service Operative","55","3","01 Aug 2016","","","https://www.gov.uk/government/publications/apprenticeship-standard-highway-electrician-service-operative","5.00","5.20","N","Y","15 Aug 2016","robinsonsar","10 Oct 2018","KTEMPERLEY"
"125","1","Highway Electrical Maintenance and Installation Operative","55","2","01 Aug 2016","","","https://www.gov.uk/government/publications/apprenticeship-standard-highway-electrical-maintenance-installation-operative","5.00","5.20","N","Y","15 Aug 2016","robinsonsar","17 Jul 2018","KFISHER"
"126","1","Fire Emergency and Security Systems Technician","56","3","01 Aug 2016","","","https://www.gov.uk/government/publications/apprenticeship-standard-fire-emergency-security-systems-technician","4.00","4.10","N","","15 Aug 2016","robinsonsar","15 Aug 2016","robinsonsar"
"127","1","Electrical Power Protection and Plant Commissioning Engineer","8","4","01 Aug 2016","","","https://www.gov.uk/government/publications/apprenticeship-standard-electrical-power-protection-and-plant-commissioning-engineer","4.00","4.10","N","","19 Aug 2016","robinsonsar","19 Sep 2016","robinsonsar"
"128","1","Associate Project Manager","57","4","01 Aug 2016","","","https://www.gov.uk/government/publications/apprenticeship-standard-associate-project-manager","15.00","15.30","N","","19 Aug 2016","robinsonsar","19 Aug 2016","robinsonsar"
"129","1","Food and Drink Advanced Process Operator","5","3","01 Aug 2016","","","https://www.gov.uk/government/publications/apprenticeship-standard-food-drink-advanced-process-operator","7.00","7.40","N","","26 Aug 2016","fisherk","26 Aug 2016","fisherk"
"130","1","Food and Drink Process Operator","5","2","01 Aug 2016","","","https://www.gov.uk/government/publications/apprenticeship-standard-food-drink-process-operator","7.00","7.40","N","","26 Aug 2016","fisherk","26 Aug 2016","fisherk"
"131","1","Food Technologist","5","3","01 Aug 2016","","","https://www.gov.uk/government/publications/apprenticeship-standard-food-technologist","7.00","7.40","N","","26 Aug 2016","fisherk","26 Aug 2016","fisherk"
"132","1","Non-destructive Testing (NDT) Operator","37","2","01 Aug 2016","","","https://www.gov.uk/government/publications/apprenticeship-standard-non-destructive-testing-ndt-operator","4.00","4.10","N","","26 Aug 2016","fisherk","16 Sep 2016","fisherk"
"133","1","Assistant Accountant","52","3","01 Aug 2016","","","https://www.gov.uk/government/publications/apprenticeship-standard-assistant-accountant","15.00","15.10","N","","13 Sep 2016","robinsonsar","13 Sep 2016","robinsonsar"
"134","1","Bus and Coach Engineering Technician","58","3","01 Aug 2016","","","https://www.gov.uk/government/publications/apprenticeship-standard-bus-and-coach-engineering-technician","4.00","4.30","N","","13 Sep 2016","robinsonsar","13 Sep 2016","robinsonsar"
"135","1","Heavy Vehicle Service and Maintenance Technician","58","3","01 Aug 2016","","","https://www.gov.uk/government/publications/apprenticeship-standard-heavy-vehicle-service-and-maintenance-technician","4.00","4.30","N","","13 Sep 2016","robinsonsar","13 Sep 2016","robinsonsar"
"136","1","Road Transport Engineering Manager","58","4","01 Aug 2016","","","https://www.gov.uk/government/publications/apprenticeship-standard-bus-and-coach-engineering-manager","4.00","4.30","N","","13 Sep 2016","robinsonsar","16 Nov 2017","FISHERK"
"137","1","Furniture Manufacturer","59","2","01 Aug 2016","","","https://www.gov.uk/government/publications/apprenticeship-standard-furniture-manufacturer","4.00","4.20","N","","13 Sep 2016","robinsonsar","13 Sep 2016","robinsonsar"
"138","1","Hospitality Supervisor","44","3","01 Aug 2016","","","https://www.gov.uk/government/publications/apprenticeship-standard-hospitality-supervisor","7.00","7.40","N","","13 Sep 2016","robinsonsar","13 Sep 2016","robinsonsar"
"139","1","Senior Production Chef","44","3","01 Aug 2016","","","https://www.gov.uk/government/publications/apprenticeship-standard-senior-chef-production-cooking","7.00","7.40","N","","13 Sep 2016","robinsonsar","26 Sep 2018","FISHERK"
"140","1","Retail Team Leader","31","3","01 Aug 2016","","","https://www.gov.uk/government/publications/apprenticeship-standard-retail-team-leader","7.00","7.10","N","","13 Sep 2016","robinsonsar","13 Sep 2016","robinsonsar"
"141","1","Aviation Maintenance Mechanic (Military)","2","2","01 Aug 2016","","","https://www.gov.uk/government/publications/apprenticeship-standard-aviation-maintenance-mechanic-military","4.00","4.10","N","","19 Sep 2016","robinsonsar","19 Sep 2016","robinsonsar"
"142","1","IT Technical Salesperson","7","3","01 Aug 2016","","","https://www.gov.uk/government/publications/apprenticeship-standard-it-technical-salesperson-approved-for-delivery","6.00","6.10","N","","19 Sep 2016","robinsonsar","19 Sep 2016","robinsonsar"
"143","1","Compliance / Risk Officer","9","3","01 Aug 2016","","","https://www.gov.uk/government/publications/apprenticeship-standard-compliance-risk-officer","15.00","15.10","N","","19 Sep 2016","robinsonsar","19 Sep 2016","robinsonsar"
"144","1","Senior Compliance / Risk Specialist","9","6","01 Aug 2016","","","https://www.gov.uk/government/publications/apprenticeship-standard-senior-compliance-risk-specialist","15.00","15.10","N","","19 Sep 2016","robinsonsar","19 Sep 2016","robinsonsar"
"145","1","Sports Turf Operative","60","2","01 Aug 2016","","","https://www.gov.uk/government/publications/apprenticeship-standard-sports-turf-operative","3.00","3.20","N","","19 Sep 2016","robinsonsar","19 Sep 2016","robinsonsar"
"146","1","Maintenance and Operations Engineering Technician","8","3","01 Aug 2016","","","https://www.gov.uk/government/publications/apprenticeship-standard-maintenance-operations-engineering-technician","5.00","5.20","N","","02 Nov 2016","robinsonsar","02 Nov 2016","robinsonsar"
"147","1","Retail Manager","31","4","01 Aug 2016","","","https://www.gov.uk/government/publications/apprenticeship-standard-retail-manager","7.00","7.10","N","","24 Oct 2016","fisherk","24 Oct 2016","fisherk"
"148","1","Advanced Credit Controller / Debt Collection Specialist","9","3","01 Aug 2016","","","https://www.gov.uk/government/publications/apprenticeship-standard-advanced-credit-controller-debt-collection-specialist","15.00","15.10","N","","02 Nov 2016","robinsonsar","02 Nov 2016","robinsonsar"
"149","1","Advanced Dairy Technologist","5","5","01 Aug 2016","","","https://www.gov.uk/government/publications/apprenticeship-standard-advanced-dairy-technologist-approved-for-delivery","4.00","4.30","N","","02 Nov 2016","robinsonsar","02 Nov 2016","robinsonsar"
"150","1","Healthcare Science Associate","46","4","01 Aug 2016","","","https://www.gov.uk/government/publications/apprenticeship-standard-healthcare-science-associate","1.00","1.30","N","","02 Nov 2016","robinsonsar","02 Nov 2016","robinsonsar"
"151","1","Senior Healthcare Support Worker","46","3","01 Aug 2016","","","https://www.gov.uk/government/publications/apprenticeship-standard-senior-healthcare-support-worker","1.00","1.30","N","","02 Nov 2016","robinsonsar","02 Nov 2016","robinsonsar"
"152","1","Advanced Butcher","23","3","01 Aug 2016","","","https://www.gov.uk/government/publications/apprenticeship-standard-advanced-butcher","7.00","7.40","N","","05 Nov 2016","robinsonsar","05 Nov 2016","robinsonsar"
"153","1","Financial Adviser","9","4","01 Nov 2016","","","https://www.gov.uk/government/publications/apprenticeship-standard-financial-adviser-approved-for-delivery","15.00","15.10","N","","06 Dec 2016","robinsonsar","13 Dec 2016","robinsonsar"
"154","1","Software Development Technician","7","3","01 Nov 2016","","","https://www.gov.uk/government/publications/apprenticeship-standard-software-development-technician","6.00","6.10","N","","14 Dec 2016","robinsonsar","14 Dec 2016","robinsonsar"
"155","1","Unified Communications Technician","7","3","01 Nov 2016","","","https://www.gov.uk/government/publications/apprenticeship-standard-unified-communications-technician","6.00","6.10","N","","14 Dec 2016","robinsonsar","14 Dec 2016","robinsonsar"
"156","1","Associate Ambulance Practitioner","62","4","01 Aug 2016","","","https://www.gov.uk/government/publications/apprenticeship-standard-associate-ambulance-practitioner","1.00","1.30","N","","21 Dec 2016","guinivas","21 Dec 2016","guinivas"
"157","1","Hair Professional","63","2","01 Nov 2016","","","https://www.gov.uk/government/publications/apprenticeship-standard-hair-professional","7.00","7.30","N","","21 Dec 2016","fisherk","21 Dec 2016","fisherk"
"158","1","Spectacle Maker","64","3","01 Nov 2016","","","https://www.gov.uk/government/publications/apprenticeship-standard-spectacle-maker","1.00","1.30","N","","21 Dec 2016","fisherk","21 Dec 2016","fisherk"
"159","1","Event Assistant","61","3","01 Jan 2017","","","https://www.gov.uk/government/publications/apprenticeship-standard-event-assistant","9.00","9.20","N","","18 Jan 2017","robinsonsar","18 Jan 2017","robinsonsar"
"160","1","Composites Technician","65","3","01 Feb 2017","","","https://www.gov.uk/government/publications/apprenticeship-standard-composites-technician","4.00","4.20","N","","13 Feb 2017","robinsonsar","13 Feb 2017","robinsonsar"
"161","1","Power Engineer (degree)","8","7","01 Feb 2017","","","https://www.gov.uk/government/publications/apprenticeship-standard-power-engineer-degree-apprenticeship","4.00","4.10","Y","N","15 Feb 2017","robinsonsar","11 Jul 2018","KTEMPERLEY"
"162","1","Facilities Management Supervisor","66","3","01 Feb 2017","","","https://www.gov.uk/government/publications/apprenticeship-standard-facilities-management-supervisor","7.00","7.30","N","","24 Feb 2017","robinsonsar","24 Feb 2017","robinsonsar"
"163","1","Nuclear Technician","15","5","01 Mar 2017","","","https://www.gov.uk/government/publications/apprenticeship-standard-nuclear-technician-approved-for-delivery","4.00","4.20","N","","07 Apr 2017","robinsonsar","07 Apr 2017","robinsonsar"
"164","1","Building Services Engineering Installer","67","2","01 Mar 2017","","","https://www.gov.uk/government/publications/apprenticeship-standard-building-services-engineering-installer","5.00","5.20","N","","07 Apr 2017","robinsonsar","07 Apr 2017","robinsonsar"
"165","1","IS Business Analyst","7","4","01 Apr 2017","","","https://www.gov.uk/government/publications/apprenticeship-standard-is-business-analyst-approved-for-delivery","6.00","6.10","N","","07 Apr 2017","robinsonsar","07 Apr 2017","robinsonsar"
"166","1","Postgraduate Engineer","68","7","01 Apr 2017","","","https://www.gov.uk/government/publications/apprenticeship-standard-post-graduate-engineer-approved-for-delivery","4.00","4.10","N","","07 Apr 2017","robinsonsar","02 Jan 2019","KTEMPERLEY"
"167","1","Engineering Technician","68","3","01 Aug 2014","","","https://www.gov.uk/government/publications/apprenticeship-standard-engineering-technician-approved-for-delivery","4.00","4.10","N","","07 Apr 2017","robinsonsar","14 Apr 2017","vijaydek"
"168","1","Healthcare Science Practitioner (degree)","46","6","01 Apr 2017","","","https://www.gov.uk/government/publications/apprenticeship-standard-healthcare-science-practitioner-degree-apprenticeship","1.00","1.30","Y","","07 Apr 2017","robinsonsar","13 Dec 2018","KTEMPERLEY"
"169","1","Chef De Partie","44","3","01 Apr 2017","","","https://www.gov.uk/government/publications/apprenticeship-standard-chef-de-partie","7.00","7.40","N","","07 Apr 2017","robinsonsar","07 Jan 2019","KFISHER"
"170","1","Registered Nurse - degree (NMC 2010)","69","6","01 May 2017","","","https://www.gov.uk/government/publications/apprenticeship-standard-registered-nurse-degree-apprenticeship","1.00","1.20","N","Y","18 May 2017","robinsonsar","23 Jan 2019","KTEMPERLEY"
"171","1","Steel Fixer","55","2","01 May 2017","","","https://www.gov.uk/government/publications/apprenticeship-standard-steel-fixer","4.00","4.10","N","","18 May 2017","robinsonsar","11 Jul 2018","KTEMPERLEY"
"172","1","Fishmonger","5","2","01 May 2017","","","https://www.gov.uk/government/publications/apprenticeship-standard-fishmonger","4.00","4.20","N","","18 May 2017","robinsonsar","18 May 2017","robinsonsar"
"173","1","Building Services Engineering Craftsperson","67","3","01 May 2017","","","https://www.gov.uk/government/publications/apprenticeship-standard-building-services-engineering-craftsperson","5.00","5.20","N","","06 Jun 2017","robinsonsar","02 Jul 2018","KFISHER"
"174","1","Junior Content Producer","70","3","01 May 2017","","","https://www.gov.uk/government/publications/apprenticeship-standard-junior-content-producer","9.00","9.30","N","","06 Jun 2017","robinsonsar","06 Jun 2017","robinsonsar"
"175","1","Mineral Processing Mobile and Static Plant Operator","71","2","01 May 2017","","","https://www.gov.uk/government/publications/apprenticeship-standard-mineral-processing-mobile-and-static-plant-operator","4.00","4.20","N","","06 Jun 2017","robinsonsar","06 Jun 2017","robinsonsar"
"176","1","Accident Repair Technician","71","3","01 May 2017","","","https://www.gov.uk/government/publications/apprenticeship-standard-accident-repair-technician","4.00","4.30","N","","06 Jun 2017","robinsonsar","06 Jun 2017","robinsonsar"
"177","1","Baker","44","2","01 Jun 2017","","","https://www.gov.uk/government/publications/apprenticeship-standard-bakery","4.00","4.20","N","","12 Jun 2017","robinsonsar","12 Jun 2017","robinsonsar"
"178","1","Building Services Design Technician","67","3","01 Jun 2017","","","https://www.gov.uk/government/publications/apprenticeship-standard-building-services-design-technician","4.00","4.30","N","","12 Jun 2017","robinsonsar","02 Jul 2018","KFISHER"
"179","1","Animal Technologist","72","3","01 Jun 2017","","","https://www.gov.uk/government/publications/apprenticeship-standard-animal-technologist","3.00","3.30","N","","12 Jun 2017","robinsonsar","12 Jun 2017","robinsonsar"
"180","1","Arborist","73","2","01 Jun 2017","","","https://www.gov.uk/government/publications/apprenticeship-standard-arborist","3.00","3.20","N","","28 Jun 2017","guinivas","28 Jun 2017","guinivas"
"181","1","Horticulture and Landscape Operative","73","2","01 Jun 2017","","","https://www.gov.uk/government/publications/apprenticeship-standard-horticulture-and-landscape-operative","3.00","3.20","N","","28 Jun 2017","guinivas","28 Jun 2017","guinivas"
"182","1","Forest Operative","73","2","01 Jun 2017","","","https://www.gov.uk/government/publications/apprenticeship-standard-forest-operative","3.00","3.20","N","","28 Jun 2017","guinivas","28 Jun 2017","guinivas"
"183","1","Bespoke Saddler","70","3","01 Jun 2017","","","https://www.gov.uk/government/publications/apprenticeship-standard-bespoke-saddler","4.00","4.20","N","","28 Jun 2017","guinivas","28 Jun 2017","guinivas"
"184","1","Food Industry Technical Professional (degree)","71","6","01 Jun 2017","","","https://www.gov.uk/government/publications/apprenticeship-standard-food-industry-technical-professional-degree-apprenticeship","2.00","2.10","Y","N","28 Jun 2017","guinivas","11 Jul 2018","KTEMPERLEY"
"185","1","Building Services Engineering Ductwork Craftsperson","67","3","01 Aug 2017","","","https://www.gov.uk/government/publications/apprenticeship-standard-building-services-engineering-ductwork-craftsperson","5.00","5.20","N","","18 Aug 2017","fisherk","02 Jul 2018","KFISHER"
"186","1","Project Controls Technician","71","3","01 Aug 2017","","","https://www.gov.uk/government/publications/apprenticeship-standard-project-controls-technician","4.00","4.10","N","","18 Aug 2017","fisherk","18 Aug 2017","fisherk"
"187","1","Metrology Technician","72","3","01 Aug 2017","","","https://www.gov.uk/government/publications/apprenticeship-standard-metrology-technician","4.00","4.20","N","","18 Aug 2017","fisherk","18 Aug 2017","fisherk"
"188","1","Rail Infrastructure Operator","48","2","01 Aug 2017","","","https://www.gov.uk/government/publications/apprenticeship-standard-rail-infrastructure-operator","4.00","4.30","N","","18 Aug 2017","fisherk","18 Aug 2017","fisherk"
"189","1","Passenger Transport Driver - bus, coach and tram","48","2","01 Aug 2017","","","https://www.gov.uk/government/publications/apprenticeship-standard-passenger-transport-driver-bus-coach-and-rail","4.00","4.30","N","","18 Aug 2017","fisherk","26 Sep 2018","FISHERK"
"190","1","HR Consultant / Partner","43","5","01 Aug 2017","","","https://www.gov.uk/government/publications/apprenticeship-standard-hr-consultantpartner","15.00","15.20","N","","18 Aug 2017","fisherk","18 Aug 2017","fisherk"
"191","1","HR Support","43","3","01 Aug 2017","","","https://www.gov.uk/government/publications/apprenticeship-standard-hr-support","15.00","15.20","N","","01 Sep 2017","fisherk","01 Sep 2017","fisherk"
"192","1","Building Services Engineering Ductwork Installer","67","2","12 Sep 2017","","","https://www.gov.uk/government/publications/apprenticeship-standard-building-services-engineering-ductwork-installer","5.00","5.20","N","","13 Sep 2017","fisherk","02 Jul 2018","KFISHER"
"193","1","Building Services Engineering Service and Maintenance Engineer","67","3","12 Sep 2017","","","https://www.gov.uk/government/publications/apprenticeship-standard-building-services-engineering-service-and-maintenance-engineer","5.00","5.20","N","","13 Sep 2017","fisherk","02 Jul 2018","KFISHER"
"194","1","Building Services Engineering Ventilation Hygiene Technician","67","3","12 Sep 2017","","","https://www.gov.uk/government/publications/apprenticeship-standard-ventilation-hygiene-technician","5.00","5.20","N","","14 Sep 2017","fisherk","02 Jul 2018","KFISHER"
"195","1","Digital Engineering Technician","7","3","18 Sep 2017","","","https://www.gov.uk/government/publications/apprenticeship-standard-digital-engineering-technician","5.00","5.20","N","","20 Sep 2017","FISHERK","20 Sep 2017","FISHERK"
"196","1","Business Administrator","75","3","18 Sep 2017","","","https://www.gov.uk/government/publications/apprenticeship-standard-business-administrator","15.00","15.20","N","","20 Sep 2017","FISHERK","20 Sep 2017","FISHERK"
"197","1","Organ Builder","71","3","26 Sep 2017","","","https://www.gov.uk/government/publications/apprenticeship-standard-organ-builder","4.00","4.20","N","","29 Sep 2017","FISHERK","29 Sep 2017","FISHERK"
"198","1","Building Services Design Engineer (degree)","67","6","04 Oct 2017","","","https://www.gov.uk/government/publications/apprenticeship-standard-building-services-design-engineer","5.00","5.20","N","N","19 Oct 2017","FISHERK","11 Jul 2018","KTEMPERLEY"
"199","1","Civil Engineering Technician","55","3","04 Oct 2017","","","https://www.gov.uk/government/publications/apprenticeship-standard-civil-engineering-technician","5.00","5.20","N","","19 Oct 2017","FISHERK","19 Oct 2017","FISHERK"
"200","1","Civil Engineer (degree)","55","6","04 Oct 2017","","","https://www.gov.uk/government/publications/apprenticeship-standard-civil-engineer-degree-approved-for-delivery","5.00","5.20","N","N","19 Oct 2017","FISHERK","11 Jul 2018","KTEMPERLEY"
"201","1","Process Automation Engineer (degree)","68","7","16 Oct 2017","","","https://www.gov.uk/government/publications/apprenticeship-standard-process-automation-engineer-degree-apprenticeship","4.00","4.10","N","N","19 Oct 2017","FISHERK","11 Jul 2018","KTEMPERLEY"
"202","1","Engineering Construction Pipefitter","68","3","16 Oct 2017","","","https://www.gov.uk/government/publications/apprenticeship-standard-engineering-construction-pipefitter","4.00","4.10","N","","19 Oct 2017","FISHERK","19 Oct 2017","FISHERK"
"203","1","Teacher","16","6","19 Oct 2017","","","https://www.gov.uk/government/publications/apprenticeship-standard-teacher-approved-for-delivery","13.00","13.10","N","Y","30 Oct 2017","FISHERK","17 Jul 2018","KFISHER"
"204","1","Accountancy / Taxation Professional","52","7","07 Nov 2017","","","https://www.gov.uk/government/publications/apprenticeship-standard-professional-accountant","15.00","15.10","N","","08 Nov 2017","FISHERK","10 Oct 2018","KTEMPERLEY"
"205","1","Senior Insurance Professional","27","6","07 Nov 2017","","","https://www.gov.uk/government/publications/apprenticeship-standard-senior-insurance-professional","15.00","15.10","N","","08 Nov 2017","FISHERK","08 Nov 2017","FISHERK"
"206","1","Passenger transport onboard and station team member","48","2","14 Nov 2017","","","https://www.gov.uk/government/publications/apprenticeship-standard-passenger-transport-onboard-station-team-member","4.00","4.30","N","","15 Nov 2017","FISHERK","15 Nov 2017","FISHERK"
"207","1","Non-Destructive Testing Engineer (degree)","37","6","20 Nov 2017","","","https://www.instituteforapprenticeships.org/apprenticeship-standards/non-destructive-testing-engineer/","4.00","4.20","N","N","22 Nov 2017","FISHERK","11 Jul 2018","KTEMPERLEY"
"208","1","Nursing Associate","69","5","20 Nov 2017","","","https://www.instituteforapprenticeships.org/apprenticeship-standards/nursing-associate/","1.00","1.30","N","Y","22 Nov 2017","FISHERK","07 Feb 2019","KTEMPERLEY"
"209","1","Supply Chain Practitioner (Fast Moving Consumer Goods)","51","3","24 Nov 2017","","","https://www.instituteforapprenticeships.org/apprenticeship-standards/supply-chain-practitioner-fast-moving-consumer-good-previously-operatormanager/","7.00","7.20","N","","28 Nov 2017","FISHERK","13 Dec 2018","KTEMPERLEY"
"210","1","Motor Finance Specialist","9","3","04 Dec 2017","","","https://www.instituteforapprenticeships.org/apprenticeship-standards/motor-finance-specialist/","4.00","4.30","N","","05 Dec 2017","FISHERK","05 Dec 2017","FISHERK"
"211","1","Probate Technician","18","4","06 Dec 2017","","","https://www.instituteforapprenticeships.org/apprenticeship-standards/probate-technician/","15.00","15.50","N","","07 Dec 2017","FISHERK","07 Dec 2017","FISHERK"
"212","1","Electrical, Electronic Product Service and Installation Engineer","55","3","06 Dec 2017","","","https://www.instituteforapprenticeships.org/apprenticeship-standards/electrical-electronic-product-service-and-installation-engineer/","4.00","4.10","N","","07 Dec 2017","FISHERK","07 Dec 2017","FISHERK"
"213","1","Financial Services Professional","9","6","06 Dec 2017","","","https://www.instituteforapprenticeships.org/apprenticeship-standards/financial-services-professional/","15.00","15.10","N","","07 Dec 2017","FISHERK","07 Dec 2017","FISHERK"
"214","1","Passenger Transport Operations Manager","48","4","20 Dec 2017","","","https://www.instituteforapprenticeships.org/apprenticeship-standards/passenger-transport-operations-manager/","4.00","4.30","N","","21 Dec 2017","FISHERK","21 Dec 2017","FISHERK"
"215","1","Community Activator Coach","25","2","15 Dec 2017","","","https://www.instituteforapprenticeships.org/apprenticeship-standards/community-activator-coach/","8.00","8.10","N","","21 Dec 2017","FISHERK","21 Dec 2017","FISHERK"
"216","1","Electrical Power Networks Engineer","71","4","20 Dec 2017","","","https://www.instituteforapprenticeships.org/apprenticeship-standards/electrical-power-networks-engineer-previously-power-networks-engineer/","4.00","4.10","N","","21 Dec 2017","FISHERK","21 Dec 2017","FISHERK"
"217","1","Recruitment Consultant","75","3","20 Dec 2017","","","https://www.instituteforapprenticeships.org/apprenticeship-standards/recruitment-consultant/","15.00","15.20","N","","21 Dec 2017","FISHERK","21 Dec 2017","FISHERK"
"218","1","Recruitment Resourcer","75","2","20 Dec 2017","","","https://www.instituteforapprenticeships.org/apprenticeship-standards/recruitment-resourcer/","15.00","15.20","N","","21 Dec 2017","FISHERK","21 Dec 2017","FISHERK"
"219","1","Lifting Technician","55","2","01 Dec 2017","","","https://www.instituteforapprenticeships.org/apprenticeship-standards/lifting-technician/","5.00","5.20","N","","21 Dec 2017","FISHERK","21 Dec 2017","FISHERK"
"220","1","High Speed Rail and Infrastructure Technician","30","4","27 Dec 2017","","","https://www.instituteforapprenticeships.org/apprenticeship-standards/high-speed-rail-infrastructure-technician/","4.00","4.30","N","","02 Jan 2018","FISHERK","02 Jan 2018","FISHERK"
"221","1","Laboratory Scientist (degree)","4","6","03 Jan 2018","","","https://www.instituteforapprenticeships.org/apprenticeship-standards/laboratory-scientist-new/","4.00","4.20","N","","05 Jan 2018","FISHERK","11 Jul 2018","KTEMPERLEY"
"222","1","Commercial Procurement and Supply","29","4","22 Dec 2017","","","https://www.instituteforapprenticeships.org/apprenticeship-standards/commercial-procurement-and-supply-formerly-public-sector-commercial-professional/","15.00","15.10","N","","05 Jan 2018","FISHERK","05 Jan 2018","FISHERK"
"223","1","Hospitality Manager","44","4","10 Jan 2018","","","https://www.instituteforapprenticeships.org/apprenticeship-standards/hospitality-manager/","7.00","7.40","N","","11 Jan 2018","FISHERK","11 Jan 2018","FISHERK"
"224","1","Leisure and Entertainment Engineering Technician","71","3","16 Jan 2018","","","https://www.instituteforapprenticeships.org/apprenticeship-standards/leisure-entertainment-engineering-technician/","4.00","4.10","N","","19 Jan 2018","KFISHER","11 Jul 2018","KTEMPERLEY"
"225","1","Plumbing and Domestic Heating Technician","55","3","19 Jan 2018","","","https://www.instituteforapprenticeships.org/apprenticeship-standards/plumbing-and-domestic-heating-technician/","5.00","5.20","N","","19 Jan 2018","KFISHER","19 Jan 2018","KFISHER"
"226","1","Marine Engineer","68","3","19 Jan 2018","","","https://www.instituteforapprenticeships.org/apprenticeship-standards/marine-engineer/","4.00","4.10","N","","19 Jan 2018","KFISHER","19 Jan 2018","KFISHER"
"227","1","Nuclear Operative","15","2","22 Jan 2018","","","https://www.instituteforapprenticeships.org/apprenticeship-standards/nuclear-operative/","4.00","4.10","N","","23 Jan 2018","KFISHER","23 Jan 2018","KFISHER"
"228","1","Leisure Duty Manager","75","3","26 Jan 2018","","","https://www.instituteforapprenticeships.org/apprenticeship-standards/leisure-duty-manager/","15.00","15.30","N","","30 Jan 2018","KFISHER","30 Jan 2018","KFISHER"
"229","1","Creative Venue Technician","70","3","26 Jan 2018","","","https://www.instituteforapprenticeships.org/apprenticeship-standards/creative-venue-technician/","9.00","9.20","N","","30 Jan 2018","KFISHER","30 Jan 2018","KFISHER"
"230","1","Tunnelling Operative","55","2","26 Jan 2018","","","https://www.instituteforapprenticeships.org/apprenticeship-standards/tunnelling-operative/","5.00","5.20","N","","30 Jan 2018","KFISHER","30 Jan 2018","KFISHER"
"231","1","Policy Officer","75","4","02 Feb 2018","","","https://www.instituteforapprenticeships.org/apprenticeship-standards/policy-officer/","15.00","15.20","N","","07 Feb 2018","KFISHER","21 Feb 2018","SGUINIVAN"
"232","1","School Business Professional","75","4","05 Feb 2018","","","https://www.instituteforapprenticeships.org/apprenticeship-standards/school-business-professional/","15.00","15.20","N","","07 Feb 2018","KFISHER","07 Feb 2018","KFISHER"
"233","1","Industrial Thermal Insulation Technician","55","3","09 Feb 2018","","","https://www.instituteforapprenticeships.org/apprenticeship-standards/industrial-thermal-insulation-technician/","5.00","5.20","N","","12 Feb 2018","KFISHER","14 Feb 2018","KFISHER"
"234","1","Commercial Thermal Insulation Operative","55","2","21 Feb 2018","","","https://www.instituteforapprenticeships.org/apprenticeship-standards/commercial-thermal-insulation-operative/","5.00","5.20","N","","22 Feb 2018","KFISHER","22 Feb 2018","KFISHER"
"235","1","Watchmaker","70","3","19 Feb 2018","","","https://www.instituteforapprenticeships.org/apprenticeship-standards/watchmaker/","9.00","9.20","N","","22 Feb 2018","KFISHER","22 Feb 2018","KFISHER"
"236","1","Senior Leader","24","7","27 Feb 2018","","","https://www.instituteforapprenticeships.org/apprenticeship-standards/senior-leader-masters-degree-apprenticeship-degree/","15.00","15.30","N","","02 Mar 2018","KFISHER","24 Jan 2019","KTEMPERLEY"
"237","1","Improvement Practitioner","71","4","27 Feb 2018","","","https://www.instituteforapprenticeships.org/apprenticeship-standards/improvement-practitioner/","4.00","4.10","N","","02 Mar 2018","KFISHER","02 Mar 2018","KFISHER"
"238","1","Improvement Technician","71","3","27 Feb 2018","","","https://www.instituteforapprenticeships.org/apprenticeship-standards/improvement-technician/","4.00","4.10","N","","02 Mar 2018","KFISHER","02 Mar 2018","KFISHER"
"239","1","Carpentry and Joinery","55","2","27 Feb 2018","","","https://www.instituteforapprenticeships.org/apprenticeship-standards/carpentry-and-joinery/","5.00","5.20","N","","02 Mar 2018","KFISHER","02 Mar 2018","KFISHER"
"240","1","Advanced Carpentry and Joinery","55","3","27 Feb 2018","","","https://www.instituteforapprenticeships.org/apprenticeship-standards/advanced-carpentry-and-joinery/","5.00","5.20","N","","02 Mar 2018","KFISHER","02 Mar 2018","KFISHER"
"241","1","Operational Firefighter","16","3","27 Feb 2018","","","https://www.instituteforapprenticeships.org/apprenticeship-standards/operational-firefighter/","1.00","1.40","N","","02 Mar 2018","KFISHER","02 Mar 2018","KFISHER"
"242","1","Community Energy Specialist","38","4","27 Feb 2018","","","https://www.instituteforapprenticeships.org/apprenticeship-standards/community-energy-specialist/","15.00","15.20","N","","02 Mar 2018","KFISHER","02 Mar 2018","KFISHER"
"243","1","Rehabilitation Worker (Visual Impairment)","72","5","27 Feb 2018","","","https://www.instituteforapprenticeships.org/apprenticeship-standards/rehabilitation-worker-visual-impairment/","1.00","1.20","N","","02 Mar 2018","KFISHER","02 Mar 2018","KFISHER"
"244","1","Geospatial Survey Technician","21","3","27 Feb 2018","","","https://www.instituteforapprenticeships.org/apprenticeship-standards/geospatial-survey-technician/","5.00","5.20","N","","02 Mar 2018","KFISHER","02 Mar 2018","KFISHER"
"245","1","Food and Drink Advanced Engineer (degree)","71","6","27 Feb 2018","","","https://www.instituteforapprenticeships.org/apprenticeship-standards/food-and-drink-advanced-engineer-degree/","4.00","4.10","Y","N","02 Mar 2018","KFISHER","11 Jul 2018","KTEMPERLEY"
"246","1","Network Operations","48","2","27 Feb 2018","","","https://www.instituteforapprenticeships.org/apprenticeship-standards/network-operations/","4.00","4.30","N","","02 Mar 2018","KFISHER","02 Mar 2018","KFISHER"
"247","1","Optical Assistant","72","2","27 Feb 2018","","","https://www.instituteforapprenticeships.org/apprenticeship-standards/optical-assistant/","1.00","1.30","N","","02 Mar 2018","KFISHER","02 Mar 2018","KFISHER"
"248","1","Science Industry Process/Plant Engineer (Degree)","71","6","27 Feb 2018","","","https://www.instituteforapprenticeships.org/apprenticeship-standards/science-industry-processplant-engineer-degree/","4.00","4.20","N","","02 Mar 2018","KFISHER","02 Mar 2018","KFISHER"
"249","1","Science Manufacturing Process Operative","71","2","27 Feb 2018","","","https://www.instituteforapprenticeships.org/apprenticeship-standards/science-manufacturing-process-operative/","4.00","4.20","N","","02 Mar 2018","KFISHER","02 Mar 2018","KFISHER"
"250","1","Business Fire Safety Advisor","56","3","27 Feb 2018","","","https://www.instituteforapprenticeships.org/apprenticeship-standards/business-fire-safety-advisor/","1.00","1.40","N","","02 Mar 2018","KFISHER","02 Mar 2018","KFISHER"
"251","1","Community Sport and Health Officer","72","3","09 Mar 2018","","","https://www.instituteforapprenticeships.org/apprenticeship-standards/community-sport-and-health-officer/","8.00","8.10","N","","12 Mar 2018","KFISHER","12 Mar 2018","KFISHER"
"252","1","Advanced Clinical Practitioner (degree)","72","7","27 Mar 2018","","","https://www.instituteforapprenticeships.org/apprenticeship-standards/advanced-clinical-practitioner-degree/","1.00","1.20","Y","","03 Apr 2018","KFISHER","11 Jul 2018","KTEMPERLEY"
"253","1","Regulatory Compliance Officer","16","4","27 Mar 2018","","","https://www.instituteforapprenticeships.org/apprenticeship-standards/regulatory-compliance-officer/","1.00","1.40","N","","03 Apr 2018","KFISHER","03 Apr 2018","KFISHER"
"254","1","Geospatial Mapping and Science (degree)","55","6","27 Mar 2018","","","https://www.instituteforapprenticeships.org/apprenticeship-standards/geospatial-mapping-and-science-degree/","5.00","5.30","N","","03 Apr 2018","KFISHER","11 Jul 2018","KTEMPERLEY"
"255","1","Actuary","1","7","27 Mar 2018","","","https://www.instituteforapprenticeships.org/apprenticeship-standards/actuary/","15.00","15.10","N","","03 Apr 2018","KFISHER","03 Apr 2018","KFISHER"
"256","1","Police Constable (degree)","29","6","27 Mar 2018","","","https://www.instituteforapprenticeships.org/apprenticeship-standards/police-constable-degree/","1.00","1.40","Y","","03 Apr 2018","KFISHER","11 Jul 2018","KTEMPERLEY"
"257","1","Public Relations Assistant","75","4","27 Mar 2018","","","https://www.instituteforapprenticeships.org/apprenticeship-standards/public-relations-assistant/","15.00","15.30","N","N","03 Apr 2018","KFISHER","06 Jul 2018","KTEMPERLEY"
"258","1","Senior/Head of Facilities Management (degree)","66","6","27 Mar 2018","","","https://www.instituteforapprenticeships.org/apprenticeship-standards/seniorhead-of-facilities-management-degree/","7.00","7.30","Y","","03 Apr 2018","KFISHER","11 Jul 2018","KTEMPERLEY"
"259","1","Construction Site Engineering Technician","55","4","27 Mar 2018","","","https://www.instituteforapprenticeships.org/apprenticeship-standards/construction-site-engineering-technician/","5.00","5.20","N","","03 Apr 2018","KFISHER","03 Apr 2018","KFISHER"
"260","1","Safety, Health and Environment Technician","66","3","29 Mar 2018","","","https://www.instituteforapprenticeships.org/apprenticeship-standards/safety-health-and-environment-technician/","5.00","5.20","N","","03 Apr 2018","KFISHER","02 Jan 2019","KTEMPERLEY"
"261","1","Trade Supplier","74","2","10 Apr 2018","","","https://www.instituteforapprenticeships.org/apprenticeship-standards/trade-supplier/","7.00","7.10","N","","13 Apr 2018","KFISHER","13 Apr 2018","KFISHER"
"262","1","Emergency Service Contact Handling","56","3","12 Apr 2018","","","https://www.instituteforapprenticeships.org/apprenticeship-standards/emergency-service-contact-handling/","1.00","1.40","N","","13 Apr 2018","KFISHER","13 Apr 2018","KFISHER"
"263","1","Equine Groom","73","2","13 Apr 2018","","","https://www.instituteforapprenticeships.org/apprenticeship-standards/equine-groom/","3.00","3.30","N","","16 Apr 2018","KFISHER","16 Apr 2018","KFISHER"
"264","1","International Freight Forwarding Specialist","51","3","20 Apr 2018","","","https://www.instituteforapprenticeships.org/apprenticeship-standards/international-freight-forwarding-specialist/","7.00","7.20","N","","23 Apr 2018","KFISHER","23 Apr 2018","KFISHER"
"265","1","Port Marine Operations Officer","14","4","25 May 2018","","","https://www.instituteforapprenticeships.org/apprenticeship-standards/port-marine-operations-officer/","4.00","4.30","N","N","02 May 2018","KFISHER","25 May 2018","KFISHER"
"266","1","Facilities Manager","66","4","03 May 2018","","","https://www.instituteforapprenticeships.org/apprenticeship-standards/facilities-manager/","7.00","7.30","N","N","08 May 2018","KFISHER","08 May 2018","KFISHER"
"267","1","Textile Manufacturing Operative","71","2","03 May 2018","","","https://www.instituteforapprenticeships.org/apprenticeship-standards/textile-manufacturing-operative/","4.00","4.20","N","N","08 May 2018","KFISHER","08 May 2018","KFISHER"
"268","1","Pest Control Technician","73","2","08 May 2018","","","https://www.instituteforapprenticeships.org/apprenticeship-standards/pest-control-technician/","3.00","3.10","N","N","08 May 2018","KFISHER","08 May 2018","KFISHER"
"269","1","Custody and Detention Officer","29","3","08 May 2018","","","https://www.instituteforapprenticeships.org/apprenticeship-standards/custody-detention-officer/","1.00","1.40","N","N","11 May 2018","KFISHER","11 May 2018","KFISHER"
"270","1","Senior Investment / Commercial Banking Professional","9","7","08 May 2018","","","https://www.instituteforapprenticeships.org/apprenticeship-standards/senior-investment-commercial-banking-professional/","15.00","15.10","N","N","11 May 2018","KFISHER","11 May 2018","KFISHER"
"271","1","Advanced Baker","47","3","08 May 2018","","","https://www.instituteforapprenticeships.org/apprenticeship-standards/advanced-baker/","4.00","4.20","N","N","11 May 2018","KFISHER","11 May 2018","KFISHER"
"272","1","Academic Professional","16","7","08 May 2018","","","https://www.instituteforapprenticeships.org/apprenticeship-standards/academic-professional/","13.00","13.10","N","N","11 May 2018","KFISHER","11 May 2018","KFISHER"
"273","1","Scaffolder","55","2","08 May 2018","","","https://www.instituteforapprenticeships.org/apprenticeship-standards/scaffolder/","5.00","5.20","N","N","11 May 2018","KFISHER","11 May 2018","KFISHER"
"274","1","Abattoir Worker","23","2","08 May 2018","","","https://www.instituteforapprenticeships.org/apprenticeship-standards/abattoir-worker/","3.00","3.10","N","N","11 May 2018","KFISHER","11 May 2018","KFISHER"
"275","1","Building Services Engineering Technician","67","4","08 May 2018","","","https://www.instituteforapprenticeships.org/apprenticeship-standards/building-services-engineering-technician/","5.00","5.20","N","N","11 May 2018","KFISHER","02 Jul 2018","KFISHER"
"276","1","Building Services Engineering Site Management (Degree)","67","6","08 May 2018","","","https://www.instituteforapprenticeships.org/apprenticeship-standards/building-services-engineering-site-management-degree/","5.00","5.20","N","N","11 May 2018","KFISHER","02 Jul 2018","KFISHER"
"277","1","Civil Engineering Site Management (Degree)","68","6","09 May 2018","","","https://www.instituteforapprenticeships.org/apprenticeship-standards/civil-engineering-site-management-degree/","4.00","4.10","N","N","11 May 2018","KFISHER","11 May 2018","KFISHER"
"278","1","Customer Service Specialist","54","3","10 May 2018","","","https://www.instituteforapprenticeships.org/apprenticeship-standards/customer-service-specialist/","7.00","7.10","N","N","11 May 2018","KFISHER","11 May 2018","KFISHER"
"279","1","Maritime Caterer","14","2","10 May 2018","","","https://www.instituteforapprenticeships.org/apprenticeship-standards/maritime-caterer/","7.00","7.40","N","N","11 May 2018","KFISHER","11 May 2018","KFISHER"
"280","1","Publishing Assistant","70","3","09 May 2018","","","https://www.instituteforapprenticeships.org/apprenticeship-standards/publishing-assistant/","9.00","9.40","N","N","11 May 2018","KFISHER","11 May 2018","KFISHER"
"281","1","Podiatrist (Degree)","46","6","14 May 2018","","","https://www.instituteforapprenticeships.org/apprenticeship-standards/podiatrist-degree/","1.00","1.20","Y","Y","16 May 2018","KFISHER","07 Feb 2019","KTEMPERLEY"
"282","1","Police Community Support Officer","16","4","17 May 2018","","","https://www.instituteforapprenticeships.org/apprenticeship-standards/police-community-support-officer/","1.00","1.40","N","N","18 May 2018","KFISHER","18 May 2018","KFISHER"
"283","1","Autocare Technician","3","2","24 May 2018","","","https://www.instituteforapprenticeships.org/apprenticeship-standards/autocare-technician/","4.00","4.30","N","N","25 May 2018","KFISHER","25 May 2018","KFISHER"
"284","1","Poultry Worker","73","2","06 Jun 2018","","","https://www.instituteforapprenticeships.org/apprenticeship-standards/poultry-worker/","3.00","3.10","N","N","12 Jun 2018","KTEMPERLEY","12 Jun 2018","KTEMPERLEY"
"285","1","Train Driver","48","3","13 Jun 2018","","","https://www.instituteforapprenticeships.org/apprenticeship-standards/train-driver/","4.00","4.30","N","N","14 Jun 2018","KTEMPERLEY","14 Jun 2018","KTEMPERLEY"
"286","1","Payroll Administrator","52","3","13 Jun 2018","","","https://www.instituteforapprenticeships.org/apprenticeship-standards/payroll-administrator/","15.00","15.20","N","N","14 Jun 2018","KTEMPERLEY","14 Jun 2018","KTEMPERLEY"
"287","1","Bricklayer","55","2","22 Jun 2018","","","https://www.instituteforapprenticeships.org/apprenticeship-standards/bricklayer/","5.00","5.20","N","N","28 Jun 2018","KFISHER","28 Jun 2018","KFISHER"
"288","1","Plasterer","55","3","22 Jun 2018","","","https://www.instituteforapprenticeships.org/apprenticeship-standards/plasterer/","5.00","5.20","N","N","28 Jun 2018","KFISHER","28 Jun 2018","KFISHER"
"289","1","Footwear Manufacturer","71","2","21 Jun 2018","","","https://www.instituteforapprenticeships.org/apprenticeship-standards/footwear-manufacturer/","4.00","4.20","N","N","28 Jun 2018","KFISHER","28 Jun 2018","KFISHER"
"290","1","Painter and Decorator","55","2","22 Jun 2018","","","https://www.instituteforapprenticeships.org/apprenticeship-standards/painter-and-decorator/","5.00","5.20","N","N","28 Jun 2018","KFISHER","28 Jun 2018","KFISHER"
"291","1","Project Manager (degree)","57","6","22 Jun 2018","","","https://www.instituteforapprenticeships.org/apprenticeship-standards/project-manager-degree/","15.00","15.30","Y","N","28 Jun 2018","KFISHER","28 Jun 2018","KFISHER"
"292","1","Marine Pilot","48","5","22 Jun 2018","","","https://www.instituteforapprenticeships.org/apprenticeship-standards/marine-pilot/","4.00","4.30","N","N","28 Jun 2018","KFISHER","28 Jun 2018","KFISHER"
"293","1","Digital Marketer integrated degree","7","6","22 Jun 2018","","","https://www.instituteforapprenticeships.org/apprenticeship-standards/digital-marketer-degree/","15.00","15.40","Y","N","28 Jun 2018","KFISHER","24 Jan 2019","KTEMPERLEY"
"294","1","Brewer","5","4","22 Jun 2018","","","https://www.instituteforapprenticeships.org/apprenticeship-standards/brewer/","4.00","4.20","N","N","28 Jun 2018","KFISHER","28 Jun 2018","KFISHER"
"295","1","Internal Audit Practitioner","52","4","22 Jun 2018","","","https://www.instituteforapprenticeships.org/apprenticeship-standards/internal-audit-practitioner/","15.00","15.10","N","N","28 Jun 2018","KFISHER","28 Jun 2018","KFISHER"
"296","1","Textile Care Operative","71","2","22 Jun 2018","","","https://www.instituteforapprenticeships.org/apprenticeship-standards/textile-care-operative/","7.00","7.30","N","N","28 Jun 2018","KFISHER","28 Jun 2018","KFISHER"
"297","1","Teaching Assistant","16","3","26 Jun 2018","","","https://www.instituteforapprenticeships.org/apprenticeship-standards/teaching-assistant/","13.00","13.20","N","N","02 Jul 2018","KFISHER","02 Jul 2018","KFISHER"
"298","1","Ambulance Support Worker (Emergency, Urgent and Non-Urgent)","62","3","26 Jun 2018","","","https://www.instituteforapprenticeships.org/apprenticeship-standards/ambulance-support-worker-emergency-urgent-and-non-urgent/","1.00","1.40","N","N","02 Jul 2018","KFISHER","02 Jul 2018","KFISHER"
"299","1","Architectural Assistant (degree)","55","6","27 Jun 2018","","","https://www.instituteforapprenticeships.org/apprenticeship-standards/architectural-assistant-degree/","5.00","5.10","Y","N","02 Jul 2018","KFISHER","02 Jul 2018","KFISHER"
"300","1","Architect (degree)","55","7","27 Jun 2018","","","https://www.instituteforapprenticeships.org/apprenticeship-standards/architect-degree/","5.00","5.10","Y","N","02 Jul 2018","KFISHER","02 Jul 2018","KFISHER"
"301","1","Rail and Rail Systems Principal Engineer (degree)","30","7","27 Jun 2018","","","https://www.instituteforapprenticeships.org/apprenticeship-standards/rail-rail-systems-principal-engineer-degree/","4.00","4.10","Y","N","02 Jul 2018","KFISHER","02 Jul 2018","KFISHER"
"302","1","Packaging Professional (degree)","71","6","27 Jun 2018","","","https://www.instituteforapprenticeships.org/apprenticeship-standards/packaging-professional-degree/","4.00","4.20","Y","N","02 Jul 2018","KFISHER","02 Jul 2018","KFISHER"
"303","1","Asbestos Analyst/Surveyor","21","3","29 Jun 2018","","","https://www.instituteforapprenticeships.org/apprenticeship-standards/asbestos-analystsurveyor/","5.00","5.20","N","N","02 Jul 2018","KFISHER","02 Jul 2018","KFISHER"
"304","1","Automotive Glazing Technician","3","3","28 Jun 2018","","","https://www.instituteforapprenticeships.org/apprenticeship-standards/automotive-glazing-technician/","4.00","4.20","N","N","02 Jul 2018","KFISHER","02 Jul 2018","KFISHER"
"305","1","Cabin Crew","48","3","28 Jun 2018","","","https://www.instituteforapprenticeships.org/apprenticeship-standards/cabin-crew/","8.00","8.20","N","N","02 Jul 2018","KFISHER","02 Jul 2018","KFISHER"
"306","1","Operating Department Practitioner (degree)","46","6","28 Jun 2018","","","https://www.instituteforapprenticeships.org/apprenticeship-standards/operating-department-practitioner-degree/","1.00","1.20","Y","Y","02 Jul 2018","KFISHER","07 Feb 2019","KTEMPERLEY"
"307","1","Clinical Trials Specialist (degree)","72","6","28 Jun 2018","","","https://www.instituteforapprenticeships.org/apprenticeship-standards/clinical-trials-specialist-degree/","1.00","1.10","N","N","02 Jul 2018","KFISHER","02 Jul 2018","KFISHER"
"308","1","Children,Young People and Families Manager","16","5","29 Jun 2018","","","https://www.instituteforapprenticeships.org/apprenticeship-standards/children-young-people-families-manager/","1.00","1.30","N","N","02 Jul 2018","KFISHER","02 Jul 2018","KFISHER"
"309","1","Children,Young People and Families Practitioner","16","4","29 Jun 2018","","","https://www.instituteforapprenticeships.org/apprenticeship-standards/children-young-people-families-practitioner/","1.00","1.30","N","N","02 Jul 2018","KFISHER","02 Jul 2018","KFISHER"
"310","1","Junior Estate Agent","12","2","11 Jul 2018","","","https://www.instituteforapprenticeships.org/apprenticeship-standards/junior-estate-agent/","7.00","7.30","N","N","13 Jul 2018","KFISHER","13 Jul 2018","KFISHER"
"311","1","Business to Business Sales Professional (degree)","74","6","26 Jun 2018","","","https://www.instituteforapprenticeships.org/apprenticeship-standards/business-to-business-sales-professional-degree/","15.00","15.40","Y","N","13 Jul 2018","KFISHER","13 Jul 2018","KFISHER"
"312","1","Piling Attendant","55","2","22 Jun 2018","","","https://www.instituteforapprenticeships.org/apprenticeship-standards/piling-attendant/","5.00","5.20","N","N","13 Jul 2018","KFISHER","13 Jul 2018","KFISHER"
"313","1","Rail and Rail Systems Senior Engineer (degree)","30","6","13 Jul 2018","","","https://www.instituteforapprenticeships.org/apprenticeship-standards/rail-rail-systems-senior-engineer-degree/","4.00","4.30","Y","N","13 Jul 2018","KFISHER","13 Jul 2018","KFISHER"
"314","1","Crop Technician","73","3","19 Jul 2018","","","https://www.instituteforapprenticeships.org/apprenticeship-standards/crop-technician/","3.00","3.10","N","N","20 Jul 2018","KFISHER","20 Jul 2018","KFISHER"
"315","1","Military Construction Engineering Technician","55","3","31 Jul 2018","","","https://www.instituteforapprenticeships.org/apprenticeship-standards/military-construction-engineering-technician/","4.00","4.10","N","N","31 Jul 2018","KFISHER","31 Jul 2018","KFISHER"
"316","1","Metal Recycling General Operative","68","2","07 Aug 2018","","","https://www.instituteforapprenticeships.org/apprenticeship-standards/metal-recycling-general-operative/","4.00","4.10","N","N","09 Aug 2018","KTEMPERLEY","09 Aug 2018","KTEMPERLEY"
"317","1","Senior Metrology Technician","45","5","07 Aug 2018","","","https://www.instituteforapprenticeships.org/apprenticeship-standards/senior-metrology-technician/","4.00","4.20","N","N","09 Aug 2018","KTEMPERLEY","09 Aug 2018","KTEMPERLEY"
"318","1","Paramedic (degree)","62","6","08 Aug 2018","","","https://www.instituteforapprenticeships.org/apprenticeship-standards/paramedic-degree/","1.00","1.20","N","N","09 Aug 2018","KTEMPERLEY","09 Aug 2018","KTEMPERLEY"
"319","1","Technician Scientist","72","5","07 Aug 2018","","","https://www.instituteforapprenticeships.org/apprenticeship-standards/technician-scientist/","2.00","2.10","N","N","09 Aug 2018","KTEMPERLEY","09 Aug 2018","KTEMPERLEY"
"320","1","Revenues and Welfare Benefits Practitioner","16","4","07 Aug 2018","","","https://www.instituteforapprenticeships.org/apprenticeship-standards/revenues-and-welfare-benefits-practitioner/","1.00","1.40","N","N","09 Aug 2018","KTEMPERLEY","09 Aug 2018","KTEMPERLEY"
"321","1","Personal Trainer","46","3","08 Aug 2018","","","https://www.instituteforapprenticeships.org/apprenticeship-standards/personal-trainer/","8.00","8.10","N","N","09 Aug 2018","KTEMPERLEY","09 Aug 2018","KTEMPERLEY"
"322","1","Workboat Crewmember","14","3","07 Aug 2018","","","https://www.instituteforapprenticeships.org/apprenticeship-standards/workboat-crewmember/","4.00","4.30","N","N","09 Aug 2018","KTEMPERLEY","09 Aug 2018","KTEMPERLEY"
"323","1","Professional Economist (degree)","1","6","08 Aug 2018","","","https://www.instituteforapprenticeships.org/apprenticeship-standards/professional-economist-degree/","11.00","11.40","Y","N","09 Aug 2018","KTEMPERLEY","09 Aug 2018","KTEMPERLEY"
"324","1","Internal Audit Professional","52","7","08 Aug 2018","","","https://www.instituteforapprenticeships.org/apprenticeship-standards/internal-audit-professional/","15.00","15.30","N","N","09 Aug 2018","KTEMPERLEY","09 Aug 2018","KTEMPERLEY"
"325","1","Learning and Development Consultant/ Business Partner","75","5","08 Aug 2018","","","https://www.instituteforapprenticeships.org/apprenticeship-standards/learning-and-development-consultant-business-partner/","13.00","13.10","N","N","09 Aug 2018","KTEMPERLEY","09 Aug 2018","KTEMPERLEY"
"326","1","Learning and Development Practitioner","75","3","08 Aug 2018","","","https://www.instituteforapprenticeships.org/apprenticeship-standards/learning-and-development-practitioner/","13.00","13.10","N","N","09 Aug 2018","KTEMPERLEY","09 Aug 2018","KTEMPERLEY"
"327","1","Digital and Technology Solution Specialist (degree)","7","7","07 Aug 2018","","","https://www.instituteforapprenticeships.org/apprenticeship-standards/digital-and-technology-solution-specialist-degree/","6.00","6.10","Y","N","09 Aug 2018","KTEMPERLEY","09 Aug 2018","KTEMPERLEY"
"328","1","Ordnance, Munitions and Explosives (OME) Professional","49","6","08 Aug 2018","","","https://www.instituteforapprenticeships.org/apprenticeship-standards/ordnance-munitions-and-explosives-ome-professional-degree/","4.00","4.10","Y","N","09 Aug 2018","KTEMPERLEY","24 Jan 2019","KTEMPERLEY"
"329","1","Formworker","55","2","08 Aug 2018","","","https://www.instituteforapprenticeships.org/apprenticeship-standards/formworker/","5.00","5.20","N","N","09 Aug 2018","KTEMPERLEY","09 Aug 2018","KTEMPERLEY"
"330","1","Mineral Processing Weighbridge Operator","71","2","08 Aug 2018","","","https://www.instituteforapprenticeships.org/apprenticeship-standards/mineral-processing-weighbridge-operator/","4.00","4.20","N","N","09 Aug 2018","KTEMPERLEY","09 Aug 2018","KTEMPERLEY"
"331","1","Poultry Technician","73","3","08 Aug 2018","","","https://www.instituteforapprenticeships.org/apprenticeship-standards/poultry-technician/","4.00","4.20","N","N","09 Aug 2018","KTEMPERLEY","09 Aug 2018","KTEMPERLEY"
"332","1","Animal Care and Welfare Assistant","73","2","08 Aug 2018","","","https://www.instituteforapprenticeships.org/apprenticeship-standards/animal-care-and-welfare-assistant/","3.00","3.30","N","N","09 Aug 2018","KTEMPERLEY","09 Aug 2018","KTEMPERLEY"
"333","1","Veterinary Nurse","73","3","08 Aug 2018","","","https://www.instituteforapprenticeships.org/apprenticeship-standards/veterinary-nurse/","3.00","3.30","N","N","09 Aug 2018","KTEMPERLEY","09 Aug 2018","KTEMPERLEY"
"334","1","Sewing Machinist","71","2","08 Aug 2018","","","https://www.instituteforapprenticeships.org/apprenticeship-standards/sewing-machinist/","9.00","9.30","N","N","09 Aug 2018","KTEMPERLEY","09 Aug 2018","KTEMPERLEY"
"335","1","Senior Equine Groom","73","3","07 Aug 2018","","","https://www.instituteforapprenticeships.org/apprenticeship-standards/senior-equine-groom/","3.00","3.30","N","N","09 Aug 2018","KTEMPERLEY","09 Aug 2018","KTEMPERLEY"
"336","1","Highways Maintenance Skilled Operative","55","2","10 Aug 2018","","","https://www.instituteforapprenticeships.org/apprenticeship-standards/highways-maintenance-skilled-operative/","5.00","5.20","N","N","16 Aug 2018","KTEMPERLEY","16 Aug 2018","KTEMPERLEY"
"337","1","Data Scientist (degree)","7","6","17 Aug 2018","","","https://www.instituteforapprenticeships.org/apprenticeship-standards/data-scientist-degree/","6.00","6.10","Y","N","20 Aug 2018","KTEMPERLEY","20 Aug 2018","KTEMPERLEY"
"338","1","Express Delivery Operative","48","2","17 Aug 2018","","","https://www.instituteforapprenticeships.org/apprenticeship-standards/express-delivery-operative/","7.00","7.20","N","N","20 Aug 2018","KTEMPERLEY","20 Aug 2018","KTEMPERLEY"
"339","1","Bicycle Mechanic","71","2","22 Aug 2018","","","https://www.instituteforapprenticeships.org/apprenticeship-standards/bicycle-mechanic/","4.00","4.30","N","N","28 Aug 2018","KTEMPERLEY","28 Aug 2018","KTEMPERLEY"
"340","1","Mammography Associate","72","4","22 Aug 2018","","","https://www.instituteforapprenticeships.org/apprenticeship-standards/mammography-associate/","1.00","1.10","N","N","28 Aug 2018","KTEMPERLEY","28 Aug 2018","KTEMPERLEY"
"341","1","Heritage Engineering Technician","71","3","23 Aug 2018","","","https://www.instituteforapprenticeships.org/apprenticeship-standards/heritage-engineering-technician/","4.00","4.10","N","N","28 Aug 2018","KTEMPERLEY","28 Aug 2018","KTEMPERLEY"
"342","1","Propulsion Technician","71","4","05 Sep 2018","","","https://www.instituteforapprenticeships.org/apprenticeship-standards/propulsion-technician/","4.00","4.10","N","N","12 Sep 2018","KTEMPERLEY","12 Sep 2018","KTEMPERLEY"
"343","1","Demolition Operative","55","2","12 Sep 2018","","","https://www.instituteforapprenticeships.org/apprenticeship-standards/demolition-operative/","5.00","5.20","N","N","12 Sep 2018","KTEMPERLEY","12 Sep 2018","KTEMPERLEY"
"344","1","Stockperson (beef, pigs, sheep, dairy)","73","2","13 Sep 2018","","","https://www.instituteforapprenticeships.org/apprenticeship-standards/stockperson-beef-pigs-sheep-dairy/","3.00","3.30","N","N","17 Sep 2018","KTEMPERLEY","17 Sep 2018","KTEMPERLEY"
"345","1","Rail and Rail Systems Engineer","30","5","24 Sep 2018","","","https://www.instituteforapprenticeships.org/apprenticeship-standards/rail-rail-systems-engineer/","4.00","4.10","N","N","26 Sep 2018","KTEMPERLEY","26 Sep 2018","KTEMPERLEY"
"346","1","Risk and Safety Management Professional (degree)","71","7","24 Sep 2018","","","https://www.instituteforapprenticeships.org/apprenticeship-standards/risk-and-safety-management-professional-degree/","4.00","4.10","N","N","26 Sep 2018","KTEMPERLEY","26 Sep 2018","KTEMPERLEY"
"347","1","Motorcycle Technician (Repair and Maintenance)","71","3","24 Sep 2018","","","https://www.instituteforapprenticeships.org/apprenticeship-standards/motorcycle-technician-repair-and-maintenance/","4.00","4.30","N","N","26 Sep 2018","KTEMPERLEY","26 Sep 2018","KTEMPERLEY"
"348","1","Marketing Manager","74","6","24 Sep 2018","","","https://www.instituteforapprenticeships.org/apprenticeship-standards/marketing-manager/","15.00","15.40","N","N","26 Sep 2018","KTEMPERLEY","26 Sep 2018","KTEMPERLEY"
"349","1","Marketing Executive","74","4","24 Sep 2018","","","https://www.instituteforapprenticeships.org/apprenticeship-standards/marketing-executive/","15.00","15.40","N","N","26 Sep 2018","KTEMPERLEY","26 Sep 2018","KTEMPERLEY"
"350","1","Port Operative","48","2","24 Sep 2018","","","https://www.instituteforapprenticeships.org/apprenticeship-standards/port-operative/","4.00","4.30","N","N","26 Sep 2018","KTEMPERLEY","26 Sep 2018","KTEMPERLEY"
"351","1","Outdoor Activity Instructor","72","3","24 Sep 2018","","","https://www.instituteforapprenticeships.org/apprenticeship-standards/outdoor-activity-instructor/","8.00","8.10","N","N","26 Sep 2018","KTEMPERLEY","26 Sep 2018","KTEMPERLEY"
"352","1","Engineering Operative","71","2","24 Sep 2018","","","https://www.instituteforapprenticeships.org/apprenticeship-standards/engineering-operative/","4.00","4.10","N","N","26 Sep 2018","KTEMPERLEY","26 Sep 2018","KTEMPERLEY"
"353","1","Powered Pedestrian Door Installer and Service Engineer","55","2","24 Sep 2018","","","https://www.instituteforapprenticeships.org/apprenticeship-standards/powered-pedestrian-door-installer-and-service-engineer/","4.00","4.10","N","N","26 Sep 2018","KTEMPERLEY","26 Sep 2018","KTEMPERLEY"
"354","1","Broadcast and Media Systems Engineer (degree)","32","6","24 Sep 2018","","","https://www.instituteforapprenticeships.org/apprenticeship-standards/broadcast-and-media-systems-engineer-degree/","4.00","4.10","Y","N","26 Sep 2018","KTEMPERLEY","26 Sep 2018","KTEMPERLEY"
"355","1","Cyber Security Technical Professional (degree)","7","6","24 Sep 2018","","","https://www.instituteforapprenticeships.org/apprenticeship-standards/cyber-security-technical-professional-degree/","6.00","6.10","Y","N","26 Sep 2018","KTEMPERLEY","26 Sep 2018","KTEMPERLEY"
"356","1","Fencing Installer","55","2","24 Sep 2018","","","https://www.instituteforapprenticeships.org/apprenticeship-standards/fencing-installer/","5.00","5.20","N","N","26 Sep 2018","KTEMPERLEY","26 Sep 2018","KTEMPERLEY"
"357","1","Structural Steelwork Fabricator","55","2","27 Sep 2018","","","https://www.instituteforapprenticeships.org/apprenticeship-standards/structural-steelwork-fabricator/","4.00","4.10","N","N","01 Oct 2018","KTEMPERLEY","01 Oct 2018","KTEMPERLEY"
"358","1","Industrial Coatings Applicator","55","2","27 Sep 2018","","","https://www.instituteforapprenticeships.org/apprenticeship-standards/industrial-coatings-applicator/","5.00","5.20","N","N","01 Oct 2018","KTEMPERLEY","01 Oct 2018","KTEMPERLEY"
"359","1","Fashion and Textiles Product Technologist","71","4","04 Oct 2018","","","https://www.instituteforapprenticeships.org/apprenticeship-standards/fashion-and-textiles-product-technologist/","9.00","9.20","N","N","05 Oct 2018","KTEMPERLEY","05 Oct 2018","KTEMPERLEY"
"360","1","Specialist Tyre Operative","71","2","05 Oct 2018","","","https://www.instituteforapprenticeships.org/apprenticeship-standards/specialist-tyre-operative/","4.00","4.30","N","N","09 Oct 2018","KTEMPERLEY","09 Oct 2018","KTEMPERLEY"
"361","1","Fashion and Textiles Pattern Cutter","71","3","05 Oct 2018","","","https://www.instituteforapprenticeships.org/apprenticeship-standards/fashion-and-textiles-pattern-cutter/","9.00","9.20","N","N","09 Oct 2018","KTEMPERLEY","09 Oct 2018","KTEMPERLEY"
"362","1","Maritime Electrical / Mechanical Mechanic","71","2","05 Oct 2018","","","https://www.instituteforapprenticeships.org/apprenticeship-standards/maritime-electrical-mechanical-mechanic/","4.00","4.10","N","N","09 Oct 2018","KTEMPERLEY","09 Oct 2018","KTEMPERLEY"
"363","1","Beauty Therapist","63","2","11 Oct 2018","","","https://www.instituteforapprenticeships.org/apprenticeship-standards/beauty-therapist/","7.00","7.30","N","N","16 Oct 2018","KTEMPERLEY","16 Oct 2018","KTEMPERLEY"
"364","1","Production Chef","5","2","11 Oct 2018","","","https://www.instituteforapprenticeships.org/apprenticeship-standards/production-chef/","7.00","7.40","N","N","16 Oct 2018","KTEMPERLEY","16 Oct 2018","KTEMPERLEY"
"365","1","Metal Casting, Foundry and Patternmaking Technician","71","3","11 Oct 2018","","","https://www.instituteforapprenticeships.org/apprenticeship-standards/metal-casting-foundry-patternmaking-technician/","4.00","4.10","N","N","16 Oct 2018","KTEMPERLEY","16 Oct 2018","KTEMPERLEY"
"366","1","Mineral and Construction Product Sampling and Testing Operations","71","2","17 Oct 2018","","","https://www.instituteforapprenticeships.org/apprenticeship-standards/mineral-and-construction-product-sampling-and-testing-operations/","4.00","4.10","N","N","18 Oct 2018","KTEMPERLEY","18 Oct 2018","KTEMPERLEY"
"367","1","Security First Line Manager","16","3","22 Oct 2018","","","https://www.instituteforapprenticeships.org/apprenticeship-standards/security-first-line-manager/","1.00","1.40","N","N","31 Oct 2018","TEMPERLEYK","31 Oct 2018","TEMPERLEYK"
"368","1","Prosthetist / Orthotist (degree)","72","6","31 Oct 2018","","","https://www.instituteforapprenticeships.org/apprenticeship-standards/prosthetist-orthotist-degree/","1.00","1.20","Y","Y","31 Oct 2018","TEMPERLEYK","07 Feb 2019","KTEMPERLEY"
"369","1","Sales Executive","74","4","02 Nov 2018","","","https://www.instituteforapprenticeships.org/apprenticeship-standards/sales-executive/","15.00","15.40","N","N","09 Nov 2018","KFISHER","09 Nov 2018","KFISHER"
"370","1","Prosthetic and Orthotic Technician","72","3","07 Nov 2018","","","https://www.instituteforapprenticeships.org/apprenticeship-standards/prosthetic-and-orthotic-technician/","1.00","1.20","N","N","09 Nov 2018","KFISHER","09 Nov 2018","KFISHER"
"371","1","Regulatory Affairs Specialist (degree)","46","7","08 Nov 2018","","","https://www.instituteforapprenticeships.org/apprenticeship-standards/regulatory-affairs-specialist-degree/","15.00","15.50","N","N","09 Nov 2018","KFISHER","13 Nov 2018","KTEMPERLEY"
"372","1","Floorlayer","55","2","08 Nov 2018","","","https://www.instituteforapprenticeships.org/apprenticeship-standards/floorlayer/","5.00","5.20","n","n","09 Nov 2018","KFISHER","09 Nov 2018","KFISHER"
"373","1","Advertising and Media Executive","74","3","08 Nov 2018","","","https://www.instituteforapprenticeships.org/apprenticeship-standards/advertising-and-media-executive/","9.00","9.30","N","N","09 Nov 2018","KFISHER","09 Nov 2018","KFISHER"
"374","1","Waste Resource Operative","48","2","08 Nov 2018","","","https://www.instituteforapprenticeships.org/apprenticeship-standards/waste-resource-operative/","3.00","3.40","N","n","09 Nov 2018","KFISHER","09 Nov 2018","KFISHER"
"375","1","Improvement Specialist","75","5","08 Nov 2018","","","https://www.instituteforapprenticeships.org/apprenticeship-standards/improvement-specialist/","15.00","15.30","N","N","09 Nov 2018","KFISHER","09 Nov 2018","KFISHER"
"376","1","Engineering Construction Erector / Rigger","55","3","08 Nov 2018","","","https://www.instituteforapprenticeships.org/apprenticeship-standards/engineering-construction-erectorrigger/","4.00","4.10","N","N","09 Nov 2018","KFISHER","09 Nov 2018","KFISHER"
"377","1","Engineering Fitter","71","3","20 Nov 2018","","","https://www.instituteforapprenticeships.org/apprenticeship-standards/engineering-fitter/","4.00","4.10","N","N","28 Nov 2018","KTEMPERLEY","28 Nov 2018","KTEMPERLEY"
"378","1","Structural Steelwork Erector","71","2","22 Nov 2018","","","https://www.instituteforapprenticeships.org/apprenticeship-standards/structural-steelwork-erector/","4.00","4.10","N","N","28 Nov 2018","KTEMPERLEY","28 Nov 2018","KTEMPERLEY"
"379","1","Animal Trainer","73","4","22 Nov 2018","","","https://www.instituteforapprenticeships.org/apprenticeship-standards/animal-trainer/","3.00","3.30","N","N","28 Nov 2018","KTEMPERLEY","28 Nov 2018","KTEMPERLEY"
"380","1","Wall and Floor Tiler","55","2","23 Nov 2018","","","https://www.instituteforapprenticeships.org/apprenticeship-standards/wall-and-floor-tiler/","5.00","5.20","N","N","28 Nov 2018","KTEMPERLEY","28 Nov 2018","KTEMPERLEY"
"381","1","Social Worker (degree)","16","6","30 Nov 2018","","","https://www.instituteforapprenticeships.org/apprenticeship-standards/social-worker-degree/","1.00","1.30","Y","Y","06 Dec 2018","KTEMPERLEY","07 Feb 2019","KTEMPERLEY"
"382","1","Intelligence Analyst","16","4","30 Nov 2018","","","https://www.instituteforapprenticeships.org/apprenticeship-standards/intelligence-analyst/","1.00","1.40","N","N","06 Dec 2018","KTEMPERLEY","06 Dec 2018","KTEMPERLEY"
"383","1","Live Event Technician","70","3","30 Nov 2018","","","https://www.instituteforapprenticeships.org/apprenticeship-standards/live-event-technician/","9.00","9.20","N","N","06 Dec 2018","KTEMPERLEY","06 Dec 2018","KTEMPERLEY"
"384","1","Retail Leadership degree apprenticeship","74","6","30 Nov 2018","","","https://www.instituteforapprenticeships.org/apprenticeship-standards/retail-leadership-degree/","7.00","7.10","Y","N","06 Dec 2018","KTEMPERLEY","24 Jan 2019","KTEMPERLEY"
"385","1","Hire Controller (Plant, Tools and Equipment)","55","2","04 Dec 2018","","","https://www.instituteforapprenticeships.org/apprenticeship-standards/hire-controller-plant-tools-and-equipment-formally-hire-desk-controller/","15.00","15.20","N","N","06 Dec 2018","KTEMPERLEY","06 Dec 2018","KTEMPERLEY"
"386","1","Maritime Operations Officer","14","3","04 Dec 2018","","","https://www.instituteforapprenticeships.org/apprenticeship-standards/maritime-operations-officer/","4.00","4.30","N","N","06 Dec 2018","KTEMPERLEY","06 Dec 2018","KTEMPERLEY"
"387","1","Midwife","69","6","05 Dec 2018","","","https://www.instituteforapprenticeships.org/apprenticeship-standards/midwife/","1.00","1.20","N","Y","06 Dec 2018","KTEMPERLEY","12 Dec 2018","FISHERK"
"388","1","Groundworker","55","2","07 Dec 2018","","","https://www.instituteforapprenticeships.org/apprenticeship-standards/groundworker/","5.00","5.20","N","N","08 Dec 2018","KFISHER","08 Dec 2018","KFISHER"
"389","1","Nail Services Technician","63","2","07 Dec 2018","","","https://www.instituteforapprenticeships.org/apprenticeship-standards/nail-services-technician/","7.00","7.30","N","N","08 Dec 2018","KFISHER","13 Dec 2018","KTEMPERLEY"
"390","1","Beauty and Make-Up Consultant","63","2","07 Dec 2018","","","https://www.instituteforapprenticeships.org/apprenticeship-standards/beauty-and-make-up-consultant/","7.00","7.30","N","N","08 Dec 2018","KFISHER","08 Dec 2018","KFISHER"
"391","1","Occupational Therapist (degree)","46","6","07 Dec 2018","","","https://www.instituteforapprenticeships.org/apprenticeship-standards/occupational-therapist-degree/","1.00","1.20","Y","Y","08 Dec 2018","KFISHER","13 Dec 2018","KTEMPERLEY"
"392","1","Landscape/Horticulture Supervisor","73","3","12 Dec 2018","","","https://www.instituteforapprenticeships.org/apprenticeship-standards/landscapehorticulture-supervisor/","3.00","3.20","N","N","02 Jan 2019","KTEMPERLEY","02 Jan 2019","KTEMPERLEY"
"393","1","Leather Craftsperson","70","2","14 Dec 2018","","","https://www.instituteforapprenticeships.org/apprenticeship-standards/leather-craftsperson/","4.00","4.20","N","N","02 Jan 2019","KTEMPERLEY","02 Jan 2019","KTEMPERLEY"
"394","1","Marina and Boatyard Operative","14","2","17 Dec 2018","","","https://www.instituteforapprenticeships.org/apprenticeship-standards/marina-and-boatyard-operative/","4.00","4.30","N","N","02 Jan 2019","KTEMPERLEY","02 Jan 2019","KTEMPERLEY"
"395","1","Library, Information and Archive Services Assistant","16","3","21 Dec 2018","","","https://www.instituteforapprenticeships.org/apprenticeship-standards/library-information-archive-services-assistant/","9.00","9.30","N","N","02 Jan 2019","KTEMPERLEY","02 Jan 2019","KTEMPERLEY"
"396","1","Pharmacy Services Assistant","72","2","18 Dec 2018","","","https://www.instituteforapprenticeships.org/apprenticeship-standards/pharmacy-services-assistant/","1.00","1.30","N","N","02 Jan 2019","KTEMPERLEY","02 Jan 2019","KTEMPERLEY"
"397","1","Physiotherapist (degree)","72","6","18 Dec 2018","","","https://www.instituteforapprenticeships.org/apprenticeship-standards/physiotherapist-degree/","1.00","1.20","Y","Y","02 Jan 2019","KTEMPERLEY","07 Feb 2019","KTEMPERLEY"
"398","1","Supply Chain Leadership Professional (degree)","51","6","24 Dec 2018","","","https://www.instituteforapprenticeships.org/apprenticeship-standards/supply-chain-leadership-professional-degree/","7.00","7.20","Y","N","02 Jan 2019","KTEMPERLEY","02 Jan 2019","KTEMPERLEY"
"399","1","Metal Fabricator","71","3","18 Jan 2019","","","https://www.instituteforapprenticeships.org/apprenticeship-standards/metal-fabricator/","4.00","4.20","N","N","21 Jan 2019","KTEMPERLEY","21 Jan 2019","KTEMPERLEY"
"400","1","Bid and Proposal Co-ordinator","74","3","29 Jan 2019","","","https://www.instituteforapprenticeships.org/apprenticeship-standards/bid-and-proposal-co-ordinator/","15.00","15.30","N","N","04 Feb 2019","KFISHER","04 Feb 2019","KFISHER"
"401","1","Assessor / Coach","16","4","29 Jan 2019","","","https://www.instituteforapprenticeships.org/apprenticeship-standards/assessorcoach/","13.00","13.10","N","N","04 Feb 2019","KFISHER","04 Feb 2019","KFISHER"
"402","1","Learning and Skills Teacher","16","5","29 Jan 2019","","","https://www.instituteforapprenticeships.org/apprenticeship-standards/learning-and-skills-teacher/","13.00","13.10","N","N","04 Feb 2019","KFISHER","04 Feb 2019","KFISHER"
"403","1","Learning Mentor","16","3","29 Jan 2019","","","https://www.instituteforapprenticeships.org/apprenticeship-standards/learning-mentor/","13.00","13.10","N","N","04 Feb 2019","KFISHER","04 Feb 2019","KFISHER"
"404","1","Lift and Escalator Electromechanic","71","3","29 Jan 2019","","","https://www.instituteforapprenticeships.org/apprenticeship-standards/lift-and-escalator-electromechanic/","4.00","4.10","N","N","04 Feb 2019","KFISHER","04 Feb 2019","KFISHER"
"405","1","Improvement Leader","75","6","29 Jan 2019","","","https://www.instituteforapprenticeships.org/apprenticeship-standards/improvement-leader/","15.00","15.30","N","N","04 Feb 2019","KFISHER","04 Feb 2019","KFISHER"
"406","1","Bioinformatics Scientist","72","7","29 Jan 2019","","","https://www.instituteforapprenticeships.org/apprenticeship-standards/bioinformatics-scientist/","2.00","2.10","N","N","04 Feb 2019","KFISHER","04 Feb 2019","KFISHER"
